weather_id,region,date,temperature_c,humidity_pct,rainfall_mm,wind_speed_kmh,uv_index,frost_risk
1,North,2023-01-01,13.8,50.1,15.8,73.1,4.5,0
2,North,2023-01-02,8.4,83.5,0.7,30.2,9.3,0
3,North,2023-01-03,9.5,80.6,5.0,55.4,0.5,0
4,North,2023-01-04,12.9,38.4,6.2,55.2,0.8,0
5,North,2023-01-05,9.0,40.3,5.8,43.0,1.8,0
6,North,2023-01-06,12.8,92.1,2.1,57.2,7.6,0
7,North,2023-01-07,10.0,48.6,8.8,60.9,4.3,0
8,North,2023-01-08,13.7,43.1,0.1,6.9,9.3,0
9,North,2023-01-09,9.5,63.7,13.9,8.9,0.4,0
10,North,2023-01-10,10.7,35.4,7.0,55.5,0.7,0
11,North,2023-01-11,11.0,54.1,4.4,61.5,7.3,0
12,North,2023-01-12,11.4,93.3,0,61.5,8.0,0
13,North,2023-01-13,8.6,30.9,14.1,20.1,1.9,0
14,North,2023-01-14,11.1,88.6,18.0,4.5,4.2,0
15,North,2023-01-15,14.0,62.9,6.7,26.9,7.9,0
16,North,2023-01-16,8.5,58.6,16.1,67.5,6.6,0
17,North,2023-01-17,10.1,40.5,0,8.9,0.7,0
18,North,2023-01-18,11.4,31.1,3.0,57.6,8.0,0
19,North,2023-01-19,10.3,32.5,14.9,0.5,0.0,0
20,North,2023-01-20,8.7,55.2,0,45.4,9.4,0
21,North,2023-01-21,12.9,32.3,3.5,65.9,5.2,0
22,North,2023-01-22,11.8,55.1,4.5,54.8,4.3,0
23,North,2023-01-23,13.8,45.4,0,78.4,7.0,0
24,North,2023-01-24,11.2,88.4,5.4,36.3,9.7,0
25,North,2023-01-25,9.7,48.6,2.6,31.1,2.8,0
26,North,2023-01-26,9.3,78.1,0,34.5,3.3,0
27,North,2023-01-27,8.6,56.7,16.4,79.0,1.4,0
28,North,2023-01-28,12.1,43.5,0,32.5,9.7,0
29,North,2023-01-29,11.1,59.4,13.5,27.0,7.3,0
30,North,2023-01-30,9.1,64.4,2.4,19.7,7.8,0
31,North,2023-01-31,11.8,91.6,3.2,29.1,5.1,0
32,North,2023-02-01,17.2,81.5,0,30.0,3.4,0
33,North,2023-02-02,14.4,60.6,0,72.4,10.5,0
34,North,2023-02-03,17.2,56.8,2.7,16.0,3.7,0
35,North,2023-02-04,17.3,72.9,12.9,75.5,0.3,0
36,North,2023-02-05,13.2,66.9,1.7,13.8,10.8,0
37,North,2023-02-06,16.1,80.0,0,64.1,1.7,0
38,North,2023-02-07,13.9,46.0,0,59.1,8.4,0
39,North,2023-02-08,14.9,69.7,5.8,50.2,0.4,0
40,North,2023-02-09,12.6,34.2,0,1.7,10.1,0
41,North,2023-02-10,17.2,51.5,20.6,28.5,8.2,0
42,North,2023-02-11,17.7,50.0,14.9,5.3,6.9,0
43,North,2023-02-12,13.9,88.8,0,14.0,3.3,0
44,North,2023-02-13,16.8,40.4,7.4,70.4,1.8,0
45,North,2023-02-14,12.7,89.2,0,50.3,7.7,0
46,North,2023-02-15,13.7,85.1,10.5,20.0,1.2,0
47,North,2023-02-16,17.7,89.1,6.9,70.4,5.2,0
48,North,2023-02-17,14.9,79.9,6.3,46.9,10.9,0
49,North,2023-02-18,14.2,58.7,0,1.6,5.4,0
50,North,2023-02-19,16.0,52.3,1.2,27.2,0.9,0
51,North,2023-02-20,14.2,41.5,0,73.3,1.2,0
52,North,2023-02-21,17.6,92.4,0,15.8,7.0,0
53,North,2023-02-22,13.8,81.5,6.7,78.7,5.4,0
54,North,2023-02-23,15.7,68.4,0,79.3,4.0,0
55,North,2023-02-24,13.5,63.4,22.2,1.9,3.5,0
56,North,2023-02-25,13.0,72.2,3.0,56.0,2.9,0
57,North,2023-02-26,18.0,51.9,1.3,52.5,7.3,0
58,North,2023-02-27,14.0,32.0,30.8,69.8,10.2,0
59,North,2023-02-28,12.1,67.3,3.3,37.6,4.3,0
60,North,2023-03-01,21.2,47.6,10.0,30.0,4.0,0
61,North,2023-03-02,20.1,94.6,0,10.6,3.8,0
62,North,2023-03-03,18.6,42.5,10.7,22.5,0.9,0
63,North,2023-03-04,19.7,73.7,11.0,68.9,9.9,0
64,North,2023-03-05,17.1,38.4,0,61.0,2.7,0
65,North,2023-03-06,18.1,34.2,0,7.0,0.8,0
66,North,2023-03-07,21.3,77.9,2.4,27.3,10.0,0
67,North,2023-03-08,17.4,67.9,25.6,50.5,3.6,0
68,North,2023-03-09,21.0,69.8,0.5,4.5,1.5,0
69,North,2023-03-10,22.5,90.2,10.0,7.3,4.8,0
70,North,2023-03-11,21.1,43.7,16.7,57.4,4.3,0
71,North,2023-03-12,20.8,42.5,10.2,39.6,7.8,0
72,North,2023-03-13,19.8,77.6,0,47.3,9.5,0
73,North,2023-03-14,19.7,63.0,24.0,21.1,9.7,0
74,North,2023-03-15,20.5,42.3,15.4,9.9,8.4,0
75,North,2023-03-16,18.1,85.2,5.2,31.6,9.2,0
76,North,2023-03-17,18.8,56.8,0,51.2,2.4,0
77,North,2023-03-18,18.5,52.4,5.1,71.2,7.5,0
78,North,2023-03-19,18.7,40.5,5.9,4.9,5.4,0
79,North,2023-03-20,22.4,33.9,5.3,53.9,9.9,0
80,North,2023-03-21,19.7,93.5,0,54.0,3.5,0
81,North,2023-03-22,21.6,89.4,1.5,76.7,6.3,0
82,North,2023-03-23,21.4,50.7,0,28.6,8.9,0
83,North,2023-03-24,19.2,49.5,0,59.6,2.5,0
84,North,2023-03-25,18.0,74.9,5.7,32.8,9.7,0
85,North,2023-03-26,18.9,81.8,12.7,69.5,5.1,0
86,North,2023-03-27,17.9,78.0,2.3,30.8,10.4,0
87,North,2023-03-28,22.2,81.2,0,12.0,4.0,0
88,North,2023-03-29,19.6,83.1,16.0,72.4,1.7,0
89,North,2023-03-30,22.7,44.1,14.0,21.7,2.2,0
90,North,2023-03-31,20.0,40.3,5.9,66.4,9.4,0
91,North,2023-04-01,23.7,42.3,0,34.8,9.4,0
92,North,2023-04-02,24.9,73.3,0,28.3,1.2,0
93,North,2023-04-03,27.7,75.9,1.6,41.5,5.4,0
94,North,2023-04-04,23.3,61.9,2.2,76.5,6.9,0
95,North,2023-04-05,24.0,50.2,0,47.9,5.8,0
96,North,2023-04-06,24.0,54.3,0,55.1,1.4,0
97,North,2023-04-07,25.4,60.8,12.6,19.7,10.4,0
98,North,2023-04-08,26.1,89.2,5.9,72.2,7.0,0
99,North,2023-04-09,27.4,61.0,3.6,63.5,7.7,0
100,North,2023-04-10,27.4,92.8,12.2,62.5,6.3,0
101,North,2023-04-11,27.5,76.0,0,19.9,6.2,0
102,North,2023-04-12,27.3,50.4,0,70.5,4.2,0
103,North,2023-04-13,22.9,50.9,0,72.0,10.4,0
104,North,2023-04-14,26.4,34.4,3.4,31.2,2.1,0
105,North,2023-04-15,26.6,76.3,0,37.9,2.5,0
106,North,2023-04-16,22.0,53.2,15.5,49.7,6.2,0
107,North,2023-04-17,26.7,92.2,0,70.7,2.2,0
108,North,2023-04-18,26.9,42.2,5.7,73.9,6.7,0
109,North,2023-04-19,23.8,33.9,12.3,40.3,2.7,0
110,North,2023-04-20,24.3,75.5,0,68.2,3.3,0
111,North,2023-04-21,23.2,49.2,16.3,33.7,4.1,0
112,North,2023-04-22,26.7,94.5,7.1,35.7,4.2,0
113,North,2023-04-23,22.9,58.9,0,36.5,2.2,0
114,North,2023-04-24,25.6,48.5,22.3,46.9,3.6,0
115,North,2023-04-25,22.1,33.4,0.8,11.3,9.1,0
116,North,2023-04-26,24.3,31.7,13.1,34.7,3.6,0
117,North,2023-04-27,23.1,69.9,5.8,25.9,8.3,0
118,North,2023-04-28,22.2,63.3,0,57.8,7.9,0
119,North,2023-04-29,25.0,90.3,7.4,13.1,7.9,0
120,North,2023-04-30,22.6,53.4,7.9,28.6,0.9,0
121,North,2023-05-01,27.7,34.5,2.7,33.3,8.7,0
122,North,2023-05-02,29.8,65.6,6.7,7.2,2.3,0
123,North,2023-05-03,26.6,79.6,8.9,4.5,7.5,0
124,North,2023-05-04,25.8,71.8,0.8,55.8,5.3,0
125,North,2023-05-05,25.9,79.3,23.9,11.0,3.5,0
126,North,2023-05-06,28.0,71.2,0,31.7,5.6,0
127,North,2023-05-07,27.4,31.5,3.2,5.4,2.2,0
128,North,2023-05-08,25.9,44.9,0,39.3,3.8,0
129,North,2023-05-09,26.1,87.3,0,31.8,1.7,0
130,North,2023-05-10,25.7,70.8,4.1,49.8,2.9,0
131,North,2023-05-11,27.9,55.2,11.8,20.5,2.2,0
132,North,2023-05-12,31.0,55.5,0,52.0,5.0,0
133,North,2023-05-13,28.3,92.9,0,16.4,1.2,0
134,North,2023-05-14,28.0,36.9,0,74.6,2.3,0
135,North,2023-05-15,30.2,77.8,1.3,17.1,6.5,0
136,North,2023-05-16,27.5,60.1,16.7,51.8,2.5,0
137,North,2023-05-17,31.0,84.8,5.4,1.0,9.1,0
138,North,2023-05-18,30.8,43.4,6.7,75.7,4.3,0
139,North,2023-05-19,27.6,94.0,1.1,39.3,6.2,0
140,North,2023-05-20,27.4,94.1,2.1,68.6,2.7,0
141,North,2023-05-21,29.4,87.5,11.7,68.6,10.4,0
142,North,2023-05-22,31.2,49.7,0,30.5,6.2,0
143,North,2023-05-23,26.6,33.5,6.1,33.9,9.6,0
144,North,2023-05-24,26.1,57.1,10.1,1.8,8.5,0
145,North,2023-05-25,31.1,49.6,3.5,71.0,8.8,0
146,North,2023-05-26,26.9,89.8,23.4,59.5,7.5,0
147,North,2023-05-27,25.8,90.5,3.7,6.9,2.6,0
148,North,2023-05-28,30.9,67.7,5.2,44.6,3.0,0
149,North,2023-05-29,29.9,61.2,4.5,5.2,7.5,0
150,North,2023-05-30,25.8,62.3,0.4,66.4,4.5,0
151,North,2023-05-31,31.5,67.5,7.8,61.6,3.1,0
152,North,2023-06-01,28.7,61.1,5.8,64.2,0.3,0
153,North,2023-06-02,28.6,86.7,5.8,0.2,7.2,0
154,North,2023-06-03,32.2,84.3,13.7,34.8,10.5,0
155,North,2023-06-04,29.9,45.0,6.4,29.1,6.6,0
156,North,2023-06-05,29.7,60.7,3.0,13.1,7.2,0
157,North,2023-06-06,29.2,65.8,12.9,27.7,1.9,0
158,North,2023-06-07,29.4,60.4,15.3,27.8,3.2,0
159,North,2023-06-08,31.9,78.9,0,28.8,4.7,0
160,North,2023-06-09,30.6,87.5,5.3,26.6,3.9,0
161,North,2023-06-10,29.8,79.0,8.1,3.4,5.6,0
162,North,2023-06-11,32.2,70.6,1.3,47.9,5.9,0
163,North,2023-06-12,32.0,40.4,6.3,65.3,2.3,0
164,North,2023-06-13,31.2,35.3,0.8,33.5,1.2,0
165,North,2023-06-14,30.0,32.7,5.6,74.8,7.3,0
166,North,2023-06-15,28.0,44.7,5.4,56.8,3.7,0
167,North,2023-06-16,27.7,77.6,7.9,31.6,7.2,0
168,North,2023-06-17,29.4,67.5,0,60.0,7.6,0
169,North,2023-06-18,32.9,44.7,2.1,55.5,8.3,0
170,North,2023-06-19,31.3,88.1,1.3,77.5,8.8,0
171,North,2023-06-20,30.0,89.5,2.7,60.5,3.3,0
172,North,2023-06-21,28.3,71.5,0,76.1,2.1,0
173,North,2023-06-22,27.1,49.2,9.0,54.4,0.7,0
174,North,2023-06-23,29.7,37.7,19.5,75.6,7.3,0
175,North,2023-06-24,27.1,68.8,0.7,24.3,6.8,0
176,North,2023-06-25,32.5,71.3,11.5,47.5,7.5,0
177,North,2023-06-26,32.9,62.5,1.3,37.9,8.8,0
178,North,2023-06-27,31.5,80.0,9.9,33.8,6.5,0
179,North,2023-06-28,32.3,91.7,0,30.4,10.6,0
180,North,2023-06-29,31.6,35.6,0,20.2,1.0,0
181,North,2023-06-30,28.5,84.0,2.6,30.4,3.7,0
182,North,2023-07-01,29.3,60.5,2.4,25.8,6.1,0
183,North,2023-07-02,29.9,59.3,2.3,54.7,6.5,0
184,North,2023-07-03,29.7,31.8,2.7,40.5,0.8,0
185,North,2023-07-04,26.7,47.9,0,42.9,8.0,0
186,North,2023-07-05,27.2,37.6,0,41.3,1.9,0
187,North,2023-07-06,28.4,85.5,15.5,34.1,7.6,0
188,North,2023-07-07,31.5,35.0,7.7,38.6,2.7,0
189,North,2023-07-08,28.0,78.4,2.2,30.1,3.3,0
190,North,2023-07-09,27.0,86.3,0.9,46.7,5.4,0
191,North,2023-07-10,29.9,82.5,8.8,13.2,1.5,0
192,North,2023-07-11,31.5,69.3,3.7,1.9,5.5,0
193,North,2023-07-12,30.4,57.9,0.6,29.5,6.0,0
194,North,2023-07-13,28.2,32.2,0,34.9,7.7,0
195,North,2023-07-14,26.1,35.7,13.5,38.0,5.6,0
196,North,2023-07-15,27.1,90.3,0,11.0,0.3,0
197,North,2023-07-16,26.2,42.1,8.9,43.7,6.1,0
198,North,2023-07-17,28.5,93.1,16.1,52.5,6.4,0
199,North,2023-07-18,26.4,32.6,7.0,59.7,4.3,0
200,North,2023-07-19,27.9,63.2,11.5,1.0,5.8,0
201,North,2023-07-20,27.3,64.5,0.2,25.6,2.7,0
202,North,2023-07-21,28.5,43.9,18.8,53.1,5.3,0
203,North,2023-07-22,26.9,41.2,0,68.7,0.8,0
204,North,2023-07-23,29.7,85.8,1.3,11.6,8.4,0
205,North,2023-07-24,28.5,94.3,9.3,50.2,4.5,0
206,North,2023-07-25,29.4,90.9,7.1,66.2,4.5,0
207,North,2023-07-26,30.2,32.8,1.6,15.4,8.0,0
208,North,2023-07-27,27.9,59.2,12.2,66.9,2.5,0
209,North,2023-07-28,31.1,61.2,14.1,32.5,9.6,0
210,North,2023-07-29,29.5,45.7,2.0,41.7,5.5,0
211,North,2023-07-30,26.1,69.0,0,56.4,8.5,0
212,North,2023-07-31,30.3,32.6,10.1,22.2,3.1,0
213,North,2023-08-01,25.9,94.1,0,48.4,10.1,0
214,North,2023-08-02,27.1,60.5,17.8,39.0,8.3,0
215,North,2023-08-03,27.0,68.3,0,47.9,8.6,0
216,North,2023-08-04,22.8,51.9,0.5,55.3,10.7,0
217,North,2023-08-05,25.2,70.1,15.4,74.7,9.6,0
218,North,2023-08-06,25.6,44.8,9.3,74.1,3.6,0
219,North,2023-08-07,23.4,42.4,10.1,26.8,7.4,0
220,North,2023-08-08,23.7,68.9,4.1,53.6,2.1,0
221,North,2023-08-09,25.7,81.1,8.9,15.2,7.5,0
222,North,2023-08-10,26.3,65.9,0,16.4,5.1,0
223,North,2023-08-11,25.1,37.6,3.9,19.8,6.6,0
224,North,2023-08-12,25.8,51.9,0,71.0,8.9,0
225,North,2023-08-13,24.2,55.5,1.2,36.7,3.8,0
226,North,2023-08-14,23.5,34.7,0,10.0,4.1,0
227,North,2023-08-15,25.3,55.6,18.4,20.4,5.4,0
228,North,2023-08-16,27.6,65.8,10.9,65.7,5.6,0
229,North,2023-08-17,24.5,47.3,16.2,39.2,1.2,0
230,North,2023-08-18,24.6,50.4,3.7,11.2,1.4,0
231,North,2023-08-19,26.6,94.6,8.0,8.6,5.9,0
232,North,2023-08-20,22.8,36.2,5.8,59.4,4.7,0
233,North,2023-08-21,22.2,72.9,8.6,78.1,7.9,0
234,North,2023-08-22,23.7,45.6,6.4,17.6,6.6,0
235,North,2023-08-23,26.5,90.3,1.4,1.8,6.4,0
236,North,2023-08-24,26.6,41.2,9.7,77.3,4.2,0
237,North,2023-08-25,25.3,31.1,10.6,49.1,10.7,0
238,North,2023-08-26,26.9,38.1,13.8,19.7,4.5,0
239,North,2023-08-27,23.5,69.6,18.9,22.4,0.0,0
240,North,2023-08-28,26.0,58.3,0,68.9,9.3,0
241,North,2023-08-29,24.7,45.1,9.7,35.5,1.7,0
242,North,2023-08-30,27.3,85.3,0,60.1,0.3,0
243,North,2023-08-31,26.6,43.3,1.0,70.0,3.8,0
244,North,2023-09-01,17.1,63.0,0,31.0,4.9,0
245,North,2023-09-02,18.2,39.4,18.5,54.7,1.9,0
246,North,2023-09-03,19.4,44.2,12.1,28.3,3.0,0
247,North,2023-09-04,21.3,88.4,0,76.9,7.6,0
248,North,2023-09-05,20.4,72.0,16.3,5.2,7.8,0
249,North,2023-09-06,17.1,67.2,4.0,34.9,4.9,0
250,North,2023-09-07,19.5,58.4,6.3,27.9,3.0,0
251,North,2023-09-08,22.5,46.9,8.1,46.8,5.7,0
252,North,2023-09-09,20.2,42.7,9.7,2.9,4.2,0
253,North,2023-09-10,17.3,44.9,3.7,49.2,6.1,0
254,North,2023-09-11,18.5,64.1,0.5,20.4,1.6,0
255,North,2023-09-12,17.8,58.3,8.5,32.8,1.8,0
256,North,2023-09-13,17.4,86.7,1.3,49.7,6.3,0
257,North,2023-09-14,21.7,86.7,13.8,23.1,5.2,0
258,North,2023-09-15,19.5,40.9,0,1.4,10.6,0
259,North,2023-09-16,20.6,35.0,5.9,62.7,5.9,0
260,North,2023-09-17,21.7,66.0,0,29.5,2.0,0
261,North,2023-09-18,20.2,42.1,6.6,13.7,3.0,0
262,North,2023-09-19,21.9,62.6,0,71.6,4.3,0
263,North,2023-09-20,18.0,60.5,8.4,48.7,4.0,0
264,North,2023-09-21,21.7,60.1,0.1,36.4,7.8,0
265,North,2023-09-22,21.3,40.5,3.2,78.6,1.5,0
266,North,2023-09-23,18.7,64.4,3.5,39.2,8.3,0
267,North,2023-09-24,20.3,77.2,11.9,51.8,5.7,0
268,North,2023-09-25,21.7,67.5,0,67.0,4.5,0
269,North,2023-09-26,18.5,90.9,12.9,10.1,0.4,0
270,North,2023-09-27,17.4,94.7,18.7,67.4,1.3,0
271,North,2023-09-28,22.4,54.9,4.5,39.0,8.3,0
272,North,2023-09-29,18.3,80.4,6.7,60.0,4.9,0
273,North,2023-09-30,20.5,79.3,14.1,31.7,1.6,0
274,North,2023-10-01,17.4,88.7,15.9,20.2,4.4,0
275,North,2023-10-02,16.3,54.2,6.2,76.8,2.7,0
276,North,2023-10-03,12.9,71.6,9.1,8.1,4.1,0
277,North,2023-10-04,14.1,89.1,17.3,6.2,3.2,0
278,North,2023-10-05,16.9,65.9,0,3.2,10.8,0
279,North,2023-10-06,17.1,34.4,1.6,40.5,0.1,0
280,North,2023-10-07,12.6,78.4,11.0,44.9,0.7,0
281,North,2023-10-08,15.1,71.0,0,26.7,6.7,0
282,North,2023-10-09,14.1,51.2,11.3,29.4,8.8,0
283,North,2023-10-10,15.5,87.4,5.5,41.1,7.3,0
284,North,2023-10-11,15.3,78.7,0,40.5,11.0,0
285,North,2023-10-12,12.9,83.6,0,58.5,7.0,0
286,North,2023-10-13,12.9,79.5,16.1,15.7,6.8,0
287,North,2023-10-14,13.7,44.3,6.2,10.6,4.6,0
288,North,2023-10-15,13.2,82.0,5.3,70.7,4.7,0
289,North,2023-10-16,15.4,94.4,11.0,13.1,0.4,0
290,North,2023-10-17,16.4,81.2,28.8,17.5,10.1,0
291,North,2023-10-18,13.0,73.7,14.0,64.9,3.8,0
292,North,2023-10-19,16.4,54.2,12.8,37.5,10.5,0
293,North,2023-10-20,15.5,65.6,15.7,50.5,3.6,0
294,North,2023-10-21,12.9,74.3,0,57.3,5.7,0
295,North,2023-10-22,13.7,68.6,9.6,1.8,5.3,0
296,North,2023-10-23,14.0,63.1,1.5,39.9,8.0,0
297,North,2023-10-24,14.4,91.9,0.0,8.5,1.6,0
298,North,2023-10-25,13.3,80.9,20.2,70.5,2.7,0
299,North,2023-10-26,17.4,90.2,1.9,33.0,4.4,0
300,North,2023-10-27,15.4,49.4,0,19.4,6.9,0
301,North,2023-10-28,17.7,73.1,7.9,4.6,4.5,0
302,North,2023-10-29,14.6,56.9,0,78.3,3.7,0
303,North,2023-10-30,14.2,50.0,0,74.2,4.4,0
304,North,2023-10-31,13.3,58.0,7.4,18.8,2.7,0
305,North,2023-11-01,13.2,51.8,0,68.3,1.1,0
306,North,2023-11-02,8.8,77.9,0,12.0,4.7,0
307,North,2023-11-03,13.7,90.7,8.3,12.2,0.6,0
308,North,2023-11-04,11.2,32.1,0,23.3,9.3,0
309,North,2023-11-05,12.4,89.7,1.3,7.0,1.8,0
310,North,2023-11-06,10.2,36.5,0,79.7,0.9,0
311,North,2023-11-07,8.6,30.0,17.5,71.8,9.1,0
312,North,2023-11-08,11.3,47.4,0,23.3,9.2,0
313,North,2023-11-09,8.8,69.8,10.7,68.2,1.7,0
314,North,2023-11-10,13.0,63.5,11.8,39.7,2.5,0
315,North,2023-11-11,10.0,55.6,2.5,37.8,5.0,0
316,North,2023-11-12,14.0,49.9,9.0,52.3,9.0,0
317,North,2023-11-13,10.8,90.5,9.3,53.3,2.3,0
318,North,2023-11-14,11.1,75.7,0,2.9,0.6,0
319,North,2023-11-15,13.6,39.6,9.2,57.8,3.1,0
320,North,2023-11-16,10.3,50.8,5.0,19.1,5.3,0
321,North,2023-11-17,10.8,90.4,0,58.4,3.3,0
322,North,2023-11-18,12.6,88.2,0,52.5,4.0,0
323,North,2023-11-19,10.7,52.4,19.6,64.3,4.3,0
324,North,2023-11-20,13.2,60.1,9.6,77.3,8.6,0
325,North,2023-11-21,13.5,59.2,10.3,56.6,7.2,0
326,North,2023-11-22,14.1,78.8,0,69.5,2.0,0
327,North,2023-11-23,13.6,40.7,5.0,70.0,3.7,0
328,North,2023-11-24,8.6,39.1,8.5,41.0,5.4,0
329,North,2023-11-25,10.0,43.1,5.9,0.7,4.0,0
330,North,2023-11-26,10.4,70.0,7.0,27.0,1.2,0
331,North,2023-11-27,13.0,93.0,6.4,54.4,9.4,0
332,North,2023-11-28,12.8,47.8,9.3,31.3,5.8,0
333,North,2023-11-29,11.9,90.2,9.5,58.5,0.4,0
334,North,2023-11-30,14.1,68.4,17.9,23.2,11.0,0
335,North,2023-12-01,9.7,48.5,15.6,77.2,0.7,0
336,North,2023-12-02,12.0,57.1,6.2,37.1,9.7,0
337,North,2023-12-03,10.4,90.0,7.9,21.2,9.8,0
338,North,2023-12-04,12.1,83.1,0.1,53.5,6.4,0
339,North,2023-12-05,9.4,30.3,5.7,65.7,2.6,0
340,North,2023-12-06,7.0,33.1,10.6,6.1,8.8,0
341,North,2023-12-07,10.2,88.5,6.4,69.5,8.1,0
342,North,2023-12-08,11.6,81.2,4.5,61.5,7.3,0
343,North,2023-12-09,10.0,67.7,0,62.4,9.4,0
344,North,2023-12-10,12.6,55.3,2.8,58.1,1.9,0
345,North,2023-12-11,10.9,30.9,0,19.6,5.3,0
346,North,2023-12-12,7.6,90.5,8.1,58.5,1.9,0
347,North,2023-12-13,8.8,46.7,9.4,58.3,4.0,0
348,North,2023-12-14,11.6,48.8,12.2,79.8,7.6,0
349,North,2023-12-15,10.8,35.0,7.3,75.0,10.5,0
350,North,2023-12-16,7.4,80.1,8.4,60.7,3.0,0
351,North,2023-12-17,8.1,79.7,0.1,66.8,5.9,0
352,North,2023-12-18,10.1,61.3,13.0,49.1,8.6,0
353,North,2023-12-19,9.1,36.0,11.5,43.6,2.8,0
354,North,2023-12-20,7.1,89.4,18.0,64.4,8.7,0
355,North,2023-12-21,7.5,34.1,7.9,65.2,5.9,0
356,North,2023-12-22,9.9,90.1,8.8,50.5,0.3,0
357,North,2023-12-23,12.1,81.5,0,62.1,4.4,0
358,North,2023-12-24,8.0,70.4,11.0,38.7,6.4,0
359,North,2023-12-25,11.2,93.4,4.5,74.7,8.6,0
360,North,2023-12-26,10.3,59.8,0,25.8,4.1,0
361,North,2023-12-27,12.4,32.4,8.9,1.4,7.3,0
362,North,2023-12-28,9.2,52.0,14.6,60.0,0.1,0
363,North,2023-12-29,8.9,60.1,7.4,41.6,8.4,0
364,North,2023-12-30,10.6,60.8,7.7,44.3,6.1,0
365,North,2023-12-31,11.6,37.8,10.2,51.0,2.7,0
366,South,2023-01-01,11.6,57.7,0,3.1,1.2,0
367,South,2023-01-02,14.0,73.2,17.3,65.3,11.0,0
368,South,2023-01-03,10.0,85.2,4.9,78.5,10.7,0
369,South,2023-01-04,10.5,62.4,4.4,2.1,3.1,0
370,South,2023-01-05,9.4,36.0,0,11.0,5.8,0
371,South,2023-01-06,11.9,36.5,21.4,61.4,3.5,0
372,South,2023-01-07,9.1,67.5,19.2,46.6,0.9,0
373,South,2023-01-08,8.6,50.2,5.9,73.0,0.9,0
374,South,2023-01-09,12.6,90.8,0,69.6,6.0,0
375,South,2023-01-10,13.8,72.8,11.6,74.5,3.4,0
376,South,2023-01-11,13.6,36.0,9.8,26.7,8.2,0
377,South,2023-01-12,9.2,36.1,5.7,71.3,0.5,0
378,South,2023-01-13,13.2,56.4,4.8,8.6,1.7,0
379,South,2023-01-14,14.0,88.2,5.1,14.8,10.1,0
380,South,2023-01-15,12.5,36.8,12.2,65.0,5.2,0
381,South,2023-01-16,12.7,38.2,3.9,54.6,2.6,0
382,South,2023-01-17,10.8,74.3,0,70.0,6.3,0
383,South,2023-01-18,12.7,84.7,0,34.4,6.7,0
384,South,2023-01-19,10.7,83.6,5.3,23.4,1.5,0
385,South,2023-01-20,14.2,56.8,0,49.3,9.8,0
386,South,2023-01-21,12.6,46.6,2.0,48.4,0.0,0
387,South,2023-01-22,9.0,68.4,4.8,46.1,9.0,0
388,South,2023-01-23,11.8,92.9,0,19.9,7.8,0
389,South,2023-01-24,9.7,46.2,8.0,31.6,10.6,0
390,South,2023-01-25,10.0,37.3,5.9,0.2,2.3,0
391,South,2023-01-26,9.0,75.3,0,35.8,1.6,0
392,South,2023-01-27,12.2,38.0,8.8,29.5,10.7,0
393,South,2023-01-28,10.6,63.7,3.1,68.6,1.6,0
394,South,2023-01-29,10.7,42.2,16.7,53.3,10.4,0
395,South,2023-01-30,9.8,61.8,4.6,0.2,5.1,0
396,South,2023-01-31,8.7,87.8,7.5,4.8,5.0,0
397,South,2023-02-01,13.7,56.9,8.2,22.3,4.7,0
398,South,2023-02-02,12.1,81.1,2.0,42.4,6.5,0
399,South,2023-02-03,14.1,71.9,0,22.0,5.2,0
400,South,2023-02-04,14.3,40.4,8.8,17.6,10.0,0
401,South,2023-02-05,12.1,45.2,0,75.9,5.6,0
402,South,2023-02-06,17.6,37.1,5.5,57.7,5.7,0
403,South,2023-02-07,16.1,47.7,0,59.7,0.2,0
404,South,2023-02-08,15.4,87.5,0,19.3,3.1,0
405,South,2023-02-09,16.9,79.3,0.0,49.1,8.8,0
406,South,2023-02-10,15.2,41.9,0,39.8,5.8,0
407,South,2023-02-11,12.9,31.3,6.6,33.6,3.8,0
408,South,2023-02-12,14.9,42.2,0,58.6,7.9,0
409,South,2023-02-13,14.5,75.2,4.3,32.2,9.3,0
410,South,2023-02-14,15.6,66.7,10.3,7.7,5.2,0
411,South,2023-02-15,13.2,45.9,11.9,37.7,2.7,0
412,South,2023-02-16,14.0,44.8,7.1,76.6,0.2,0
413,South,2023-02-17,12.5,66.7,10.4,3.5,5.1,0
414,South,2023-02-18,15.2,78.0,11.2,8.2,10.9,0
415,South,2023-02-19,15.3,76.7,6.0,29.7,0.4,0
416,South,2023-02-20,12.1,68.2,10.5,9.6,3.1,0
417,South,2023-02-21,15.5,59.2,6.9,18.9,1.3,0
418,South,2023-02-22,16.8,81.4,12.1,43.0,6.9,0
419,South,2023-02-23,16.6,32.9,1.3,52.6,7.7,0
420,South,2023-02-24,12.0,84.7,0,65.4,2.4,0
421,South,2023-02-25,14.5,51.5,14.0,74.0,3.1,0
422,South,2023-02-26,14.6,52.7,10.6,28.6,5.0,0
423,South,2023-02-27,16.2,31.7,14.2,1.7,3.0,0
424,South,2023-02-28,13.0,40.2,11.5,59.0,8.1,0
425,South,2023-03-01,18.2,43.6,11.0,52.9,2.5,0
426,South,2023-03-02,17.8,37.7,11.6,73.0,2.2,0
427,South,2023-03-03,20.8,87.2,1.3,12.3,0.7,0
428,South,2023-03-04,22.4,60.8,16.6,0.6,4.1,0
429,South,2023-03-05,20.2,74.5,8.0,61.2,2.3,0
430,South,2023-03-06,17.9,37.0,2.6,18.3,8.9,0
431,South,2023-03-07,18.6,63.8,0,76.0,10.3,0
432,South,2023-03-08,22.4,89.6,0.9,78.8,9.8,0
433,South,2023-03-09,17.9,94.8,0,76.3,4.7,0
434,South,2023-03-10,20.7,81.7,2.9,22.3,2.9,0
435,South,2023-03-11,18.3,77.7,5.2,32.5,4.1,0
436,South,2023-03-12,20.2,90.3,3.4,70.0,1.3,0
437,South,2023-03-13,21.2,88.6,6.6,76.0,1.2,0
438,South,2023-03-14,19.9,89.1,17.3,46.5,8.1,0
439,South,2023-03-15,17.8,63.7,0,10.1,10.0,0
440,South,2023-03-16,20.1,69.4,3.6,70.8,2.7,0
441,South,2023-03-17,20.3,52.0,0,26.6,1.5,0
442,South,2023-03-18,18.1,57.8,3.5,68.0,2.3,0
443,South,2023-03-19,21.8,44.3,0,50.0,0.8,0
444,South,2023-03-20,21.3,65.5,0,59.0,3.5,0
445,South,2023-03-21,18.0,48.0,6.1,61.2,8.6,0
446,South,2023-03-22,21.7,74.9,3.4,69.0,8.0,0
447,South,2023-03-23,17.5,40.7,4.4,6.5,7.6,0
448,South,2023-03-24,19.9,82.3,0,35.1,9.8,0
449,South,2023-03-25,20.9,33.7,0,2.1,1.6,0
450,South,2023-03-26,19.1,54.6,0,9.2,10.1,0
451,South,2023-03-27,20.9,78.9,4.8,65.0,6.6,0
452,South,2023-03-28,20.5,61.0,8.4,39.3,10.0,0
453,South,2023-03-29,17.5,41.4,5.8,63.1,3.5,0
454,South,2023-03-30,19.8,63.0,0,37.4,0.5,0
455,South,2023-03-31,17.3,73.0,10.9,50.9,1.0,0
456,South,2023-04-01,26.3,47.9,0,12.0,4.2,0
457,South,2023-04-02,22.7,56.8,7.8,79.3,4.1,0
458,South,2023-04-03,22.3,50.2,0,13.6,6.3,0
459,South,2023-04-04,26.4,65.9,13.7,32.5,2.6,0
460,South,2023-04-05,25.6,69.9,7.2,36.8,3.9,0
461,South,2023-04-06,28.0,80.2,8.5,68.5,5.8,0
462,South,2023-04-07,22.8,33.9,0,64.2,10.2,0
463,South,2023-04-08,27.2,46.4,0,73.2,8.1,0
464,South,2023-04-09,23.6,77.7,2.0,77.0,7.1,0
465,South,2023-04-10,25.3,60.8,9.4,15.5,7.9,0
466,South,2023-04-11,23.1,72.1,0.9,32.0,2.7,0
467,South,2023-04-12,26.0,39.2,0,58.1,5.7,0
468,South,2023-04-13,25.9,73.4,12.1,24.6,3.3,0
469,South,2023-04-14,22.1,87.2,5.2,57.8,9.3,0
470,South,2023-04-15,24.6,36.8,0.8,76.9,2.8,0
471,South,2023-04-16,24.8,32.7,0,50.5,1.7,0
472,South,2023-04-17,27.7,54.3,17.3,23.2,9.6,0
473,South,2023-04-18,23.1,81.3,3.6,43.5,2.1,0
474,South,2023-04-19,23.2,86.3,0,58.3,7.4,0
475,South,2023-04-20,24.8,50.0,9.2,41.0,10.6,0
476,South,2023-04-21,25.2,89.6,0,1.8,2.5,0
477,South,2023-04-22,22.7,45.7,1.9,66.4,3.0,0
478,South,2023-04-23,26.4,38.7,0,48.8,7.7,0
479,South,2023-04-24,26.0,52.1,2.2,79.5,3.2,0
480,South,2023-04-25,23.2,44.0,16.1,77.6,9.1,0
481,South,2023-04-26,23.2,64.2,0,9.8,8.0,0
482,South,2023-04-27,26.8,82.4,0,7.2,7.8,0
483,South,2023-04-28,24.7,60.3,8.0,3.9,10.7,0
484,South,2023-04-29,23.4,35.9,2.2,54.3,5.4,0
485,South,2023-04-30,22.8,71.9,7.3,32.5,0.4,0
486,South,2023-05-01,26.1,35.5,5.0,60.0,8.4,0
487,South,2023-05-02,28.6,92.5,8.6,76.9,9.4,0
488,South,2023-05-03,30.3,76.8,4.8,42.0,0.1,0
489,South,2023-05-04,31.1,43.6,19.4,46.9,3.7,0
490,South,2023-05-05,28.2,65.7,7.4,67.0,5.8,0
491,South,2023-05-06,25.7,74.7,0,39.8,8.0,0
492,South,2023-05-07,30.6,68.7,14.8,76.8,10.0,0
493,South,2023-05-08,31.2,87.3,1.6,48.8,3.8,0
494,South,2023-05-09,31.0,35.0,0,48.3,8.9,0
495,South,2023-05-10,30.9,71.6,1.6,23.4,2.5,0
496,South,2023-05-11,28.8,52.3,3.3,2.1,1.5,0
497,South,2023-05-12,31.6,42.7,6.9,17.2,6.6,0
498,South,2023-05-13,26.5,45.6,0.7,22.0,3.7,0
499,South,2023-05-14,26.1,46.6,17.9,58.5,1.4,0
500,South,2023-05-15,28.9,91.1,8.0,3.4,4.0,0
501,South,2023-05-16,25.8,81.5,6.5,34.3,10.6,0
502,South,2023-05-17,30.1,63.8,23.7,7.7,8.2,0
503,South,2023-05-18,28.2,85.0,22.8,70.0,0.6,0
504,South,2023-05-19,31.0,53.5,0,31.8,6.7,0
505,South,2023-05-20,30.6,79.6,0,5.8,10.3,0
506,South,2023-05-21,26.9,91.9,13.0,61.4,2.8,0
507,South,2023-05-22,27.7,33.4,0,34.9,1.2,0
508,South,2023-05-23,29.4,61.5,9.3,61.0,7.1,0
509,South,2023-05-24,26.5,43.7,0,60.0,0.4,0
510,South,2023-05-25,27.1,88.3,4.0,0.4,5.8,0
511,South,2023-05-26,28.3,42.6,2.3,53.4,6.1,0
512,South,2023-05-27,31.0,38.9,13.7,3.7,2.6,0
513,South,2023-05-28,27.9,77.1,16.2,36.1,7.6,0
514,South,2023-05-29,29.3,33.1,8.9,29.5,6.2,0
515,South,2023-05-30,29.9,82.2,3.9,1.3,10.9,0
516,South,2023-05-31,31.6,67.9,9.9,13.2,8.3,0
517,South,2023-06-01,31.2,70.5,0,45.8,4.1,0
518,South,2023-06-02,31.7,49.3,0,44.2,6.7,0
519,South,2023-06-03,30.6,77.4,0,36.5,9.8,0
520,South,2023-06-04,28.8,64.8,0,29.3,4.2,0
521,South,2023-06-05,32.7,46.1,3.2,1.7,5.5,0
522,South,2023-06-06,28.9,70.2,8.3,78.0,2.1,0
523,South,2023-06-07,28.1,42.4,10.5,65.5,3.2,0
524,South,2023-06-08,27.8,93.0,17.8,32.3,6.2,0
525,South,2023-06-09,32.6,56.5,0,37.8,4.4,0
526,South,2023-06-10,27.7,79.6,0,77.8,0.3,0
527,South,2023-06-11,29.7,78.7,0,58.0,5.7,0
528,South,2023-06-12,28.3,73.6,22.8,48.2,4.0,0
529,South,2023-06-13,28.5,91.8,16.0,60.6,9.2,0
530,South,2023-06-14,32.9,83.8,18.0,71.8,10.6,0
531,South,2023-06-15,32.3,37.7,12.7,48.8,3.8,0
532,South,2023-06-16,30.3,85.2,14.6,11.8,6.5,0
533,South,2023-06-17,29.2,74.0,0,62.7,4.2,0
534,South,2023-06-18,29.3,56.5,7.5,5.8,9.1,0
535,South,2023-06-19,27.1,61.3,0,54.9,1.6,0
536,South,2023-06-20,28.1,64.4,10.4,45.7,10.8,0
537,South,2023-06-21,31.5,46.4,7.2,43.3,2.6,0
538,South,2023-06-22,31.8,50.2,10.9,40.7,6.9,0
539,South,2023-06-23,27.2,31.9,13.8,17.9,0.1,0
540,South,2023-06-24,32.1,58.2,2.7,31.3,9.7,0
541,South,2023-06-25,27.4,33.6,11.8,40.3,0.8,0
542,South,2023-06-26,31.0,82.9,0,26.8,10.7,0
543,South,2023-06-27,32.1,33.1,14.0,49.0,3.1,0
544,South,2023-06-28,28.8,69.4,9.0,68.6,3.5,0
545,South,2023-06-29,29.7,80.3,11.3,69.7,10.4,0
546,South,2023-06-30,30.9,70.8,0,4.0,4.1,0
547,South,2023-07-01,29.5,47.6,11.8,47.9,4.3,0
548,South,2023-07-02,26.0,91.3,0,70.8,8.0,0
549,South,2023-07-03,30.2,56.8,8.0,1.6,8.8,0
550,South,2023-07-04,30.1,62.0,8.2,50.0,5.2,0
551,South,2023-07-05,28.0,33.1,11.6,48.1,8.5,0
552,South,2023-07-06,27.2,55.8,15.5,41.9,5.9,0
553,South,2023-07-07,26.1,42.7,6.7,75.0,10.5,0
554,South,2023-07-08,27.5,76.5,10.6,13.7,3.8,0
555,South,2023-07-09,31.4,37.1,1.9,0.9,9.3,0
556,South,2023-07-10,31.1,40.7,4.1,8.1,6.6,0
557,South,2023-07-11,25.7,37.3,5.0,41.1,7.4,0
558,South,2023-07-12,26.5,62.2,0,45.9,3.8,0
559,South,2023-07-13,26.4,44.2,15.6,23.7,2.9,0
560,South,2023-07-14,26.0,92.5,10.3,69.2,3.6,0
561,South,2023-07-15,26.5,55.7,0,7.6,3.0,0
562,South,2023-07-16,31.6,45.4,3.6,16.4,2.8,0
563,South,2023-07-17,26.3,60.6,8.4,37.1,8.7,0
564,South,2023-07-18,29.7,41.1,7.8,14.9,0.2,0
565,South,2023-07-19,26.6,36.0,0,42.9,2.0,0
566,South,2023-07-20,29.4,47.0,5.8,74.4,4.6,0
567,South,2023-07-21,29.1,52.1,11.7,54.9,4.8,0
568,South,2023-07-22,30.2,86.3,0,18.5,9.0,0
569,South,2023-07-23,27.1,37.5,0,79.7,4.5,0
570,South,2023-07-24,27.7,67.2,4.0,36.0,8.1,0
571,South,2023-07-25,28.6,75.7,0,32.2,10.2,0
572,South,2023-07-26,26.4,61.1,1.9,4.9,9.5,0
573,South,2023-07-27,28.6,88.5,0,68.8,0.2,0
574,South,2023-07-28,30.2,54.4,3.3,11.5,7.2,0
575,South,2023-07-29,26.7,44.6,0,6.9,4.3,0
576,South,2023-07-30,30.9,53.8,14.7,62.2,5.9,0
577,South,2023-07-31,28.3,36.8,4.0,58.6,5.8,0
578,South,2023-08-01,26.6,41.3,15.3,78.5,1.5,0
579,South,2023-08-02,25.4,93.0,5.6,44.6,5.9,0
580,South,2023-08-03,26.1,45.3,0,49.9,6.0,0
581,South,2023-08-04,26.7,86.4,9.0,73.5,9.4,0
582,South,2023-08-05,26.8,91.8,3.8,55.3,2.5,0
583,South,2023-08-06,27.1,58.2,2.6,20.1,10.7,0
584,South,2023-08-07,25.9,49.4,0,48.4,9.3,0
585,South,2023-08-08,25.7,66.0,8.1,27.7,6.9,0
586,South,2023-08-09,25.0,92.6,6.4,60.1,0.4,0
587,South,2023-08-10,25.9,36.0,10.2,43.5,4.9,0
588,South,2023-08-11,24.9,65.1,2.3,77.8,2.1,0
589,South,2023-08-12,27.6,59.4,2.6,49.1,7.9,0
590,South,2023-08-13,26.0,60.0,7.2,48.8,5.4,0
591,South,2023-08-14,25.3,85.7,0,39.8,9.3,0
592,South,2023-08-15,27.0,38.4,1.1,41.3,2.2,0
593,South,2023-08-16,28.0,32.5,0.6,42.0,4.4,0
594,South,2023-08-17,23.1,70.6,0,19.0,0.6,0
595,South,2023-08-18,23.6,31.9,11.0,79.6,4.2,0
596,South,2023-08-19,25.7,74.6,0.4,45.5,0.3,0
597,South,2023-08-20,22.7,48.2,0,27.4,4.1,0
598,South,2023-08-21,23.5,90.7,1.4,31.5,6.5,0
599,South,2023-08-22,23.2,52.9,7.7,51.1,7.0,0
600,South,2023-08-23,22.8,64.6,0,46.1,3.0,0
601,South,2023-08-24,24.3,86.3,8.5,76.8,10.2,0
602,South,2023-08-25,27.6,52.1,1.1,13.2,0.9,0
603,South,2023-08-26,26.1,51.3,0,79.2,5.3,0
604,South,2023-08-27,27.5,52.3,3.5,13.4,6.3,0
605,South,2023-08-28,24.4,68.3,8.8,42.4,8.6,0
606,South,2023-08-29,24.2,44.5,0.8,79.3,5.5,0
607,South,2023-08-30,25.4,55.4,0,39.2,2.9,0
608,South,2023-08-31,24.3,85.3,19.7,26.0,6.7,0
609,South,2023-09-01,21.5,80.2,3.6,0.6,3.4,0
610,South,2023-09-02,20.7,87.1,11.1,71.5,9.1,0
611,South,2023-09-03,17.4,84.1,14.3,13.2,2.2,0
612,South,2023-09-04,22.0,51.7,0,18.9,8.7,0
613,South,2023-09-05,17.5,53.7,2.3,23.5,1.2,0
614,South,2023-09-06,22.0,43.1,7.1,17.3,1.9,0
615,South,2023-09-07,20.7,43.9,0,76.0,1.1,0
616,South,2023-09-08,21.8,59.1,11.3,25.4,0.2,0
617,South,2023-09-09,20.7,91.9,14.4,64.2,3.1,0
618,South,2023-09-10,21.6,35.7,17.9,62.1,2.0,0
619,South,2023-09-11,19.3,64.4,17.3,41.9,6.2,0
620,South,2023-09-12,20.6,84.3,4.8,60.6,0.1,0
621,South,2023-09-13,19.2,45.3,0,61.4,4.4,0
622,South,2023-09-14,22.3,90.8,4.1,44.6,10.0,0
623,South,2023-09-15,21.7,57.0,20.4,46.7,4.6,0
624,South,2023-09-16,21.5,65.0,0.6,22.4,9.5,0
625,South,2023-09-17,17.8,75.9,0,71.5,3.1,0
626,South,2023-09-18,20.8,77.6,3.5,33.8,4.0,0
627,South,2023-09-19,22.2,81.2,8.6,40.2,3.3,0
628,South,2023-09-20,20.7,37.7,0,6.6,7.6,0
629,South,2023-09-21,22.9,31.7,5.8,3.2,1.7,0
630,South,2023-09-22,18.8,71.5,4.6,46.9,9.7,0
631,South,2023-09-23,17.4,45.4,0,79.3,1.3,0
632,South,2023-09-24,19.0,50.6,0,16.7,3.6,0
633,South,2023-09-25,19.9,63.9,0,59.1,7.5,0
634,South,2023-09-26,18.7,48.5,0,41.6,6.8,0
635,South,2023-09-27,19.3,70.3,4.1,77.0,7.6,0
636,South,2023-09-28,22.6,57.5,0.6,71.9,8.7,0
637,South,2023-09-29,21.3,49.0,0,10.4,9.3,0
638,South,2023-09-30,22.9,75.7,11.9,73.5,3.2,0
639,South,2023-10-01,17.7,34.5,7.9,56.6,8.9,0
640,South,2023-10-02,12.6,38.7,19.4,66.9,1.4,0
641,South,2023-10-03,15.6,87.1,0,49.9,0.6,0
642,South,2023-10-04,16.4,87.6,0,41.6,4.6,0
643,South,2023-10-05,14.9,43.3,0,42.6,8.4,0
644,South,2023-10-06,14.4,75.9,2.6,53.2,1.9,0
645,South,2023-10-07,13.1,52.8,0,77.9,6.2,0
646,South,2023-10-08,13.6,38.8,6.4,12.4,6.3,0
647,South,2023-10-09,12.2,39.3,17.4,68.4,8.2,0
648,South,2023-10-10,14.3,72.7,12.9,19.3,1.1,0
649,South,2023-10-11,12.3,86.5,1.0,51.6,1.9,0
650,South,2023-10-12,14.7,44.0,0,35.4,7.9,0
651,South,2023-10-13,13.3,66.7,0.5,67.0,0.3,0
652,South,2023-10-14,13.1,40.1,2.5,76.4,10.0,0
653,South,2023-10-15,13.3,56.8,6.8,34.2,3.6,0
654,South,2023-10-16,17.1,34.9,8.2,24.3,6.1,0
655,South,2023-10-17,12.9,88.3,1.5,77.1,8.7,0
656,South,2023-10-18,17.1,65.1,11.8,25.6,10.3,0
657,South,2023-10-19,13.6,37.9,3.6,59.5,5.4,0
658,South,2023-10-20,13.0,55.6,0,19.8,0.2,0
659,South,2023-10-21,14.0,86.3,0,39.8,7.9,0
660,South,2023-10-22,12.7,88.1,0,48.3,9.3,0
661,South,2023-10-23,15.5,30.2,0,13.0,3.6,0
662,South,2023-10-24,16.0,68.7,1.3,60.8,10.0,0
663,South,2023-10-25,16.3,43.9,1.1,11.1,10.5,0
664,South,2023-10-26,17.7,63.7,0,10.5,0.3,0
665,South,2023-10-27,16.1,93.2,10.0,58.3,8.0,0
666,South,2023-10-28,12.3,42.2,10.7,3.0,0.5,0
667,South,2023-10-29,16.6,61.8,9.5,37.2,5.5,0
668,South,2023-10-30,17.2,58.5,0,54.7,7.6,0
669,South,2023-10-31,16.3,87.1,1.3,18.9,5.9,0
670,South,2023-11-01,13.9,81.9,0,73.8,8.7,0
671,South,2023-11-02,13.2,32.6,27.0,18.9,4.3,0
672,South,2023-11-03,8.8,67.2,7.4,63.5,3.5,0
673,South,2023-11-04,11.1,52.5,18.8,69.8,6.3,0
674,South,2023-11-05,13.9,36.1,0,62.3,7.1,0
675,South,2023-11-06,9.3,90.2,17.4,53.1,1.0,0
676,South,2023-11-07,9.5,48.0,0.2,69.4,5.6,0
677,South,2023-11-08,8.7,83.5,13.9,79.4,0.9,0
678,South,2023-11-09,12.5,62.5,0,48.7,1.3,0
679,South,2023-11-10,10.7,71.2,4.5,12.6,9.5,0
680,South,2023-11-11,13.9,92.4,1.1,32.8,8.3,0
681,South,2023-11-12,9.2,37.5,6.6,9.3,4.2,0
682,South,2023-11-13,9.0,89.4,0,3.3,6.8,0
683,South,2023-11-14,8.5,38.8,0,42.3,4.8,0
684,South,2023-11-15,9.8,90.2,16.0,59.7,2.4,0
685,South,2023-11-16,10.1,42.5,1.0,1.1,2.0,0
686,South,2023-11-17,12.2,73.2,8.7,24.1,5.7,0
687,South,2023-11-18,9.2,81.0,6.6,1.8,6.1,0
688,South,2023-11-19,10.7,64.1,8.1,73.8,9.5,0
689,South,2023-11-20,11.8,51.2,12.1,30.0,0.2,0
690,South,2023-11-21,13.3,42.6,13.1,67.7,10.9,0
691,South,2023-11-22,10.4,54.7,8.7,58.9,0.0,0
692,South,2023-11-23,13.9,76.5,0,45.5,3.8,0
693,South,2023-11-24,13.0,67.9,11.2,18.3,5.0,0
694,South,2023-11-25,9.2,42.4,0,74.8,6.0,0
695,South,2023-11-26,11.6,55.2,5.3,67.7,2.9,0
696,South,2023-11-27,8.8,78.3,0.8,12.5,1.5,0
697,South,2023-11-28,11.2,33.5,12.9,38.3,6.1,0
698,South,2023-11-29,10.0,40.8,12.7,49.6,4.9,0
699,South,2023-11-30,12.7,35.5,0,33.0,1.4,0
700,South,2023-12-01,12.2,64.5,9.8,75.6,1.2,0
701,South,2023-12-02,8.9,91.9,13.9,50.5,0.1,0
702,South,2023-12-03,11.2,86.3,18.8,2.6,0.6,0
703,South,2023-12-04,7.1,53.6,21.6,45.2,8.5,0
704,South,2023-12-05,9.7,57.5,0,62.9,6.9,0
705,South,2023-12-06,9.2,68.4,6.3,22.8,9.3,0
706,South,2023-12-07,12.7,46.3,0,67.3,1.5,0
707,South,2023-12-08,11.9,60.0,7.4,4.8,1.3,0
708,South,2023-12-09,11.7,38.0,5.0,16.6,8.9,0
709,South,2023-12-10,11.4,56.8,6.1,22.1,10.4,0
710,South,2023-12-11,9.9,57.5,13.7,3.4,0.1,0
711,South,2023-12-12,7.6,77.2,2.5,47.4,9.6,0
712,South,2023-12-13,7.6,52.3,7.8,4.9,0.9,0
713,South,2023-12-14,10.1,56.6,7.1,57.0,3.7,0
714,South,2023-12-15,12.8,82.8,6.6,23.0,10.7,0
715,South,2023-12-16,12.7,62.0,7.5,9.1,2.2,0
716,South,2023-12-17,7.1,58.3,12.7,27.9,9.5,0
717,South,2023-12-18,11.1,59.0,1.9,39.7,2.3,0
718,South,2023-12-19,10.4,51.7,0,80.0,8.8,0
719,South,2023-12-20,11.7,69.5,13.1,75.1,10.1,0
720,South,2023-12-21,12.0,87.8,17.1,34.9,1.6,0
721,South,2023-12-22,9.1,34.2,5.3,68.3,0.2,0
722,South,2023-12-23,7.3,47.3,9.4,33.2,1.1,0
723,South,2023-12-24,12.8,70.7,8.0,9.3,4.9,0
724,South,2023-12-25,9.9,60.4,5.5,73.1,0.4,0
725,South,2023-12-26,11.5,47.1,6.2,44.2,9.0,0
726,South,2023-12-27,10.4,75.5,18.6,56.6,7.7,0
727,South,2023-12-28,10.4,50.5,0,25.3,1.9,0
728,South,2023-12-29,8.5,69.6,0,3.0,6.5,0
729,South,2023-12-30,10.9,68.9,0,62.7,5.8,0
730,South,2023-12-31,10.0,44.5,5.3,5.2,5.1,0
731,East,2023-01-01,11.0,37.8,0,60.0,1.1,0
732,East,2023-01-02,13.8,92.1,10.6,11.9,5.3,0
733,East,2023-01-03,14.1,61.5,0,66.5,8.4,0
734,East,2023-01-04,11.0,43.7,2.4,55.1,5.7,0
735,East,2023-01-05,11.9,48.8,1.4,48.8,8.9,0
736,East,2023-01-06,8.7,83.5,3.4,21.1,9.7,0
737,East,2023-01-07,13.4,92.1,8.6,4.1,5.1,0
738,East,2023-01-08,13.8,84.9,9.3,8.5,4.5,0
739,East,2023-01-09,13.4,72.9,0,52.8,2.9,0
740,East,2023-01-10,13.4,88.6,0,43.7,10.7,0
741,East,2023-01-11,8.8,54.0,1.7,41.0,5.5,0
742,East,2023-01-12,14.3,68.0,0,72.1,9.9,0
743,East,2023-01-13,8.8,58.9,20.1,40.3,6.5,0
744,East,2023-01-14,10.1,73.0,7.1,2.4,9.0,0
745,East,2023-01-15,8.8,65.5,0.0,42.8,1.8,0
746,East,2023-01-16,9.1,91.5,8.7,70.7,5.7,0
747,East,2023-01-17,12.8,45.2,26.3,29.9,10.3,0
748,East,2023-01-18,11.6,34.0,2.7,2.1,5.9,0
749,East,2023-01-19,10.9,50.8,0,14.4,2.1,0
750,East,2023-01-20,11.7,49.5,0,32.3,8.4,0
751,East,2023-01-21,12.3,90.7,0,65.4,3.0,0
752,East,2023-01-22,9.3,73.6,4.4,44.8,5.6,0
753,East,2023-01-23,11.1,78.9,0,74.4,5.2,0
754,East,2023-01-24,12.2,47.4,0,47.1,2.5,0
755,East,2023-01-25,9.0,88.8,14.0,9.0,4.7,0
756,East,2023-01-26,11.3,65.9,10.6,19.8,5.4,0
757,East,2023-01-27,12.4,82.6,0,57.8,3.9,0
758,East,2023-01-28,13.0,59.9,3.1,63.8,8.9,0
759,East,2023-01-29,12.4,55.9,4.4,48.4,4.6,0
760,East,2023-01-30,12.2,84.3,7.3,30.1,6.0,0
761,East,2023-01-31,12.7,90.8,0,40.9,1.7,0
762,East,2023-02-01,14.7,39.9,7.7,27.0,4.2,0
763,East,2023-02-02,13.0,90.7,0,50.4,3.0,0
764,East,2023-02-03,15.3,30.0,2.1,77.4,10.6,0
765,East,2023-02-04,16.7,47.3,0,18.2,0.5,0
766,East,2023-02-05,14.6,94.0,12.3,31.6,1.7,0
767,East,2023-02-06,17.9,64.3,2.6,1.8,9.2,0
768,East,2023-02-07,12.5,34.8,3.2,79.9,1.2,0
769,East,2023-02-08,17.4,94.6,5.1,79.0,7.0,0
770,East,2023-02-09,13.0,83.3,16.8,16.4,4.5,0
771,East,2023-02-10,13.4,60.9,4.8,14.9,2.7,0
772,East,2023-02-11,17.5,50.9,5.1,40.9,4.4,0
773,East,2023-02-12,16.7,75.5,11.4,76.5,8.3,0
774,East,2023-02-13,15.0,47.0,0.9,49.3,4.7,0
775,East,2023-02-14,15.9,86.7,2.9,63.0,4.6,0
776,East,2023-02-15,17.1,60.6,0,59.2,9.9,0
777,East,2023-02-16,17.6,34.2,0,47.6,6.3,0
778,East,2023-02-17,15.3,32.7,3.8,43.3,10.0,0
779,East,2023-02-18,12.0,56.0,7.2,21.7,4.9,0
780,East,2023-02-19,14.5,85.1,1.1,8.4,2.5,0
781,East,2023-02-20,14.0,42.0,0,21.2,4.6,0
782,East,2023-02-21,16.0,70.1,9.8,73.2,7.7,0
783,East,2023-02-22,15.5,75.3,0,40.5,6.2,0
784,East,2023-02-23,16.1,86.3,2.9,26.2,6.5,0
785,East,2023-02-24,17.9,82.2,8.9,10.8,6.6,0
786,East,2023-02-25,13.1,84.9,6.3,62.5,10.9,0
787,East,2023-02-26,13.5,90.4,6.9,9.1,5.2,0
788,East,2023-02-27,14.5,77.3,3.5,18.2,6.6,0
789,East,2023-02-28,16.5,66.1,0,19.9,10.7,0
790,East,2023-03-01,20.9,36.5,10.1,46.3,3.6,0
791,East,2023-03-02,20.6,54.6,6.8,52.5,6.3,0
792,East,2023-03-03,21.8,49.4,5.1,77.7,2.8,0
793,East,2023-03-04,17.3,89.8,17.1,21.9,9.9,0
794,East,2023-03-05,22.2,69.9,4.9,34.5,4.5,0
795,East,2023-03-06,19.0,58.3,12.8,74.5,3.5,0
796,East,2023-03-07,22.2,61.9,17.6,35.4,5.9,0
797,East,2023-03-08,17.2,59.3,18.1,77.2,2.1,0
798,East,2023-03-09,20.0,69.6,1.0,34.0,2.7,0
799,East,2023-03-10,21.7,46.8,0,10.5,7.0,0
800,East,2023-03-11,21.6,51.9,9.4,23.1,1.2,0
801,East,2023-03-12,20.8,69.2,0,0.7,10.3,0
802,East,2023-03-13,19.6,85.6,19.9,9.5,1.7,0
803,East,2023-03-14,18.1,79.5,0,38.3,7.2,0
804,East,2023-03-15,18.9,38.7,11.1,25.3,0.7,0
805,East,2023-03-16,17.2,35.1,0.6,7.4,10.0,0
806,East,2023-03-17,22.1,83.0,27.5,20.1,8.8,0
807,East,2023-03-18,20.8,94.6,22.3,42.9,1.2,0
808,East,2023-03-19,20.5,93.8,5.7,38.5,5.4,0
809,East,2023-03-20,20.4,42.7,14.2,70.6,3.9,0
810,East,2023-03-21,22.6,88.3,10.0,74.5,3.0,0
811,East,2023-03-22,17.8,76.7,9.1,51.1,4.7,0
812,East,2023-03-23,17.9,37.2,0,13.2,2.2,0
813,East,2023-03-24,18.5,77.8,10.5,34.4,7.7,0
814,East,2023-03-25,21.4,86.3,0.1,42.6,5.1,0
815,East,2023-03-26,19.1,83.2,16.2,75.8,1.9,0
816,East,2023-03-27,17.8,73.7,25.0,55.6,2.6,0
817,East,2023-03-28,18.9,46.5,11.5,21.5,0.3,0
818,East,2023-03-29,22.7,46.5,0,52.2,3.1,0
819,East,2023-03-30,19.8,78.1,15.6,6.1,1.5,0
820,East,2023-03-31,18.2,90.8,0,78.8,3.1,0
821,East,2023-04-01,25.2,79.7,3.9,75.2,8.1,0
822,East,2023-04-02,27.9,59.3,0,72.1,4.4,0
823,East,2023-04-03,23.2,73.2,0,13.3,1.9,0
824,East,2023-04-04,23.1,84.1,0,43.1,7.5,0
825,East,2023-04-05,26.9,88.4,4.2,43.4,8.8,0
826,East,2023-04-06,22.4,81.0,6.0,77.0,9.1,0
827,East,2023-04-07,23.5,76.5,7.7,79.5,10.8,0
828,East,2023-04-08,23.9,65.4,12.4,66.4,2.9,0
829,East,2023-04-09,27.4,51.5,5.9,2.9,10.1,0
830,East,2023-04-10,26.2,71.2,11.8,8.3,0.8,0
831,East,2023-04-11,27.2,58.6,0,5.4,4.7,0
832,East,2023-04-12,27.9,48.1,4.7,20.4,7.4,0
833,East,2023-04-13,24.2,47.0,14.3,65.6,9.7,0
834,East,2023-04-14,26.1,60.9,8.2,49.6,5.0,0
835,East,2023-04-15,26.7,37.0,0,72.8,8.0,0
836,East,2023-04-16,23.9,71.8,0,9.9,5.9,0
837,East,2023-04-17,27.8,63.3,4.7,30.9,6.8,0
838,East,2023-04-18,25.5,94.2,14.9,42.2,8.5,0
839,East,2023-04-19,27.3,79.7,0,78.8,5.3,0
840,East,2023-04-20,26.2,84.4,1.0,8.4,9.2,0
841,East,2023-04-21,26.1,46.5,6.6,68.9,10.9,0
842,East,2023-04-22,25.2,92.6,19.5,56.8,1.9,0
843,East,2023-04-23,22.8,43.2,0,36.0,5.7,0
844,East,2023-04-24,23.4,81.5,3.0,12.1,1.2,0
845,East,2023-04-25,25.9,65.7,22.7,12.6,9.7,0
846,East,2023-04-26,23.3,41.2,8.4,69.4,10.2,0
847,East,2023-04-27,26.3,66.2,6.1,3.6,1.3,0
848,East,2023-04-28,23.1,41.4,9.4,0.2,0.7,0
849,East,2023-04-29,25.1,60.0,3.2,2.4,9.3,0
850,East,2023-04-30,25.6,86.4,6.7,73.6,7.4,0
851,East,2023-05-01,29.9,37.9,0,15.1,4.2,0
852,East,2023-05-02,26.2,34.0,0.6,58.0,9.9,0
853,East,2023-05-03,27.4,50.8,5.7,47.2,8.3,0
854,East,2023-05-04,30.4,48.0,24.2,62.6,8.4,0
855,East,2023-05-05,29.0,39.0,1.7,78.6,3.5,0
856,East,2023-05-06,29.7,36.3,12.5,0.3,8.1,0
857,East,2023-05-07,31.6,59.7,5.2,0.3,9.0,0
858,East,2023-05-08,27.3,51.4,0,59.4,4.2,0
859,East,2023-05-09,30.7,51.5,7.0,34.6,9.9,0
860,East,2023-05-10,28.0,47.5,3.6,5.9,10.0,0
861,East,2023-05-11,28.0,54.1,13.5,56.3,9.8,0
862,East,2023-05-12,31.3,94.1,0,0.1,4.9,0
863,East,2023-05-13,27.6,55.9,12.4,21.5,6.8,0
864,East,2023-05-14,25.9,70.0,0,29.4,6.2,0
865,East,2023-05-15,26.8,57.3,8.0,30.2,8.0,0
866,East,2023-05-16,29.0,56.3,14.7,31.1,5.1,0
867,East,2023-05-17,25.8,45.2,0,71.8,6.2,0
868,East,2023-05-18,28.5,94.7,9.1,52.8,5.3,0
869,East,2023-05-19,29.3,53.7,0,14.4,5.0,0
870,East,2023-05-20,26.1,59.5,12.8,30.2,7.6,0
871,East,2023-05-21,27.1,31.4,12.3,56.1,10.9,0
872,East,2023-05-22,28.4,92.6,9.4,41.8,6.1,0
873,East,2023-05-23,30.9,54.7,3.9,68.4,8.4,0
874,East,2023-05-24,31.5,67.2,8.1,74.8,10.3,0
875,East,2023-05-25,30.4,53.5,0,9.4,5.4,0
876,East,2023-05-26,27.4,35.9,3.6,59.8,5.4,0
877,East,2023-05-27,28.0,42.0,13.9,63.8,7.1,0
878,East,2023-05-28,26.5,36.0,9.5,57.0,4.4,0
879,East,2023-05-29,26.5,47.3,10.7,38.2,5.6,0
880,East,2023-05-30,26.1,33.5,14.3,56.6,11.0,0
881,East,2023-05-31,31.0,76.9,0,8.4,6.1,0
882,East,2023-06-01,31.1,54.2,18.3,66.7,0.5,0
883,East,2023-06-02,29.6,62.9,15.5,10.1,9.6,0
884,East,2023-06-03,30.0,30.0,5.2,46.0,10.3,0
885,East,2023-06-04,27.3,71.1,7.4,27.4,3.0,0
886,East,2023-06-05,27.3,41.2,17.3,66.2,3.1,0
887,East,2023-06-06,32.2,94.5,0,48.9,9.8,0
888,East,2023-06-07,32.3,48.2,4.7,4.7,5.3,0
889,East,2023-06-08,30.9,89.3,0.3,20.9,5.0,0
890,East,2023-06-09,27.5,94.6,4.5,5.8,10.4,0
891,East,2023-06-10,30.3,90.5,5.1,5.3,8.6,0
892,East,2023-06-11,32.7,71.7,4.1,60.2,0.6,0
893,East,2023-06-12,27.7,54.2,10.0,37.1,8.9,0
894,East,2023-06-13,32.9,72.7,5.0,25.2,4.7,0
895,East,2023-06-14,31.5,32.8,0,69.0,4.8,0
896,East,2023-06-15,31.9,38.9,19.7,3.5,5.1,0
897,East,2023-06-16,31.9,68.6,4.7,38.7,10.0,0
898,East,2023-06-17,32.0,72.5,4.3,70.2,6.3,0
899,East,2023-06-18,28.9,76.2,3.2,51.7,8.8,0
900,East,2023-06-19,30.1,56.9,0,44.4,2.3,0
901,East,2023-06-20,32.1,52.4,0,37.8,1.3,0
902,East,2023-06-21,32.0,35.7,1.4,50.0,7.9,0
903,East,2023-06-22,32.6,93.5,7.0,43.1,2.3,0
904,East,2023-06-23,31.6,80.3,11.6,2.8,3.7,0
905,East,2023-06-24,27.9,80.4,0.8,54.8,0.8,0
906,East,2023-06-25,32.4,43.9,0,70.5,8.7,0
907,East,2023-06-26,29.2,46.6,6.3,27.0,10.1,0
908,East,2023-06-27,29.5,33.9,0,69.0,10.8,0
909,East,2023-06-28,29.6,78.4,0,17.5,7.9,0
910,East,2023-06-29,28.5,49.5,8.4,43.4,2.1,0
911,East,2023-06-30,28.8,41.5,7.4,78.5,10.0,0
912,East,2023-07-01,31.5,49.4,0,73.2,5.9,0
913,East,2023-07-02,27.6,33.4,12.4,56.4,4.3,0
914,East,2023-07-03,28.4,51.8,0,6.4,10.6,0
915,East,2023-07-04,26.6,66.7,4.9,2.7,10.3,0
916,East,2023-07-05,31.1,51.1,3.9,3.4,6.9,0
917,East,2023-07-06,27.5,31.8,8.7,18.7,10.5,0
918,East,2023-07-07,31.6,60.1,4.8,40.6,4.3,0
919,East,2023-07-08,29.3,74.6,14.1,56.3,4.9,0
920,East,2023-07-09,28.0,74.6,16.3,14.2,7.0,0
921,East,2023-07-10,28.1,70.4,11.1,73.6,2.9,0
922,East,2023-07-11,31.3,74.4,1.6,79.9,9.8,0
923,East,2023-07-12,29.7,41.8,16.4,72.0,3.9,0
924,East,2023-07-13,31.4,30.7,0,68.8,8.4,0
925,East,2023-07-14,29.9,33.3,1.9,69.0,10.2,0
926,East,2023-07-15,31.1,52.6,11.6,63.8,7.6,0
927,East,2023-07-16,29.2,58.6,10.6,35.0,0.5,0
928,East,2023-07-17,30.7,36.5,0.4,35.4,2.1,0
929,East,2023-07-18,26.4,68.7,12.1,59.5,7.4,0
930,East,2023-07-19,29.5,89.4,7.3,53.3,9.1,0
931,East,2023-07-20,25.9,93.9,2.2,17.3,3.3,0
932,East,2023-07-21,30.0,43.2,16.7,71.8,1.3,0
933,East,2023-07-22,27.3,38.2,10.5,3.6,6.7,0
934,East,2023-07-23,31.5,48.5,6.1,5.8,3.3,0
935,East,2023-07-24,29.3,36.1,7.1,70.4,6.8,0
936,East,2023-07-25,26.7,65.5,16.5,27.7,8.3,0
937,East,2023-07-26,31.1,74.6,3.7,31.0,0.4,0
938,East,2023-07-27,28.1,61.6,7.1,75.2,0.1,0
939,East,2023-07-28,25.8,67.1,21.4,43.8,0.8,0
940,East,2023-07-29,28.0,58.6,0,21.0,8.6,0
941,East,2023-07-30,31.0,94.7,0,10.0,9.8,0
942,East,2023-07-31,27.0,42.6,4.9,67.9,3.4,0
943,East,2023-08-01,26.2,94.1,6.1,31.4,5.0,0
944,East,2023-08-02,26.6,85.0,3.8,26.7,0.1,0
945,East,2023-08-03,23.0,52.6,14.3,78.8,3.4,0
946,East,2023-08-04,22.8,55.4,5.6,22.9,5.1,0
947,East,2023-08-05,23.5,67.8,0,45.8,8.6,0
948,East,2023-08-06,23.3,44.4,0,26.5,1.0,0
949,East,2023-08-07,22.1,81.2,0,71.4,9.2,0
950,East,2023-08-08,22.3,45.9,0.0,51.0,10.5,0
951,East,2023-08-09,25.3,56.9,5.0,70.9,1.3,0
952,East,2023-08-10,24.3,58.9,6.3,63.6,6.8,0
953,East,2023-08-11,22.0,88.3,0,73.0,3.7,0
954,East,2023-08-12,27.3,66.6,23.8,63.2,6.0,0
955,East,2023-08-13,23.9,66.8,6.9,59.0,8.5,0
956,East,2023-08-14,23.9,55.7,9.5,18.5,9.3,0
957,East,2023-08-15,24.5,82.3,5.4,55.5,5.0,0
958,East,2023-08-16,24.1,42.1,5.9,20.5,10.8,0
959,East,2023-08-17,27.3,75.2,17.3,9.2,8.8,0
960,East,2023-08-18,27.1,44.7,17.4,60.2,0.1,0
961,East,2023-08-19,23.1,75.5,10.7,48.6,7.3,0
962,East,2023-08-20,22.4,88.9,15.1,42.0,1.4,0
963,East,2023-08-21,25.4,61.8,12.6,7.6,1.2,0
964,East,2023-08-22,22.7,58.4,5.2,42.8,3.7,0
965,East,2023-08-23,25.3,77.5,12.6,37.1,10.7,0
966,East,2023-08-24,23.0,74.9,0,30.5,5.7,0
967,East,2023-08-25,26.3,78.8,7.6,38.3,8.4,0
968,East,2023-08-26,26.2,85.8,0,5.4,10.8,0
969,East,2023-08-27,25.7,40.0,12.7,13.8,5.6,0
970,East,2023-08-28,24.0,87.3,0.0,69.3,7.2,0
971,East,2023-08-29,28.0,39.0,3.4,0.1,2.0,0
972,East,2023-08-30,23.3,49.1,0,10.2,10.2,0
973,East,2023-08-31,27.9,38.8,7.6,7.1,3.1,0
974,East,2023-09-01,22.9,72.6,4.1,58.5,10.2,0
975,East,2023-09-02,22.2,78.6,24.8,76.5,6.4,0
976,East,2023-09-03,21.3,75.6,13.7,53.9,8.1,0
977,East,2023-09-04,21.4,38.3,0,22.2,7.9,0
978,East,2023-09-05,17.9,85.4,0,10.4,4.8,0
979,East,2023-09-06,19.2,90.5,3.7,29.8,2.1,0
980,East,2023-09-07,22.4,79.4,1.5,40.3,4.6,0
981,East,2023-09-08,22.3,56.5,4.5,78.7,0.6,0
982,East,2023-09-09,21.3,68.7,5.4,74.8,4.8,0
983,East,2023-09-10,19.8,55.9,0,17.9,8.4,0
984,East,2023-09-11,21.1,72.4,0,79.3,1.0,0
985,East,2023-09-12,21.1,82.8,8.1,23.9,9.5,0
986,East,2023-09-13,17.2,91.4,4.6,46.6,10.5,0
987,East,2023-09-14,18.3,91.4,10.9,77.2,6.0,0
988,East,2023-09-15,18.7,70.3,6.1,31.4,1.7,0
989,East,2023-09-16,17.5,86.5,12.7,1.1,0.6,0
990,East,2023-09-17,19.4,87.5,1.9,77.5,4.6,0
991,East,2023-09-18,22.8,55.6,20.7,3.2,2.6,0
992,East,2023-09-19,19.4,39.9,0.3,45.6,8.8,0
993,East,2023-09-20,19.2,33.9,0,62.7,3.3,0
994,East,2023-09-21,17.2,92.7,0,31.3,2.2,0
995,East,2023-09-22,18.8,80.1,2.9,27.5,3.3,0
996,East,2023-09-23,20.6,40.9,0,15.2,9.3,0
997,East,2023-09-24,19.3,58.2,6.7,77.5,2.8,0
998,East,2023-09-25,21.7,73.3,2.0,73.6,8.1,0
999,East,2023-09-26,22.6,66.1,0,8.1,5.7,0
1000,East,2023-09-27,20.1,87.6,15.8,3.1,8.1,0
1001,East,2023-09-28,22.7,68.6,3.6,49.8,4.5,0
1002,East,2023-09-29,20.8,77.1,1.6,72.6,7.8,0
1003,East,2023-09-30,20.9,67.1,0.9,44.8,8.9,0
1004,East,2023-10-01,17.3,76.8,8.9,77.0,3.1,0
1005,East,2023-10-02,14.8,92.3,14.1,29.2,2.6,0
1006,East,2023-10-03,13.5,91.7,0,75.9,0.4,0
1007,East,2023-10-04,16.1,35.0,2.9,53.5,5.5,0
1008,East,2023-10-05,12.2,93.7,0,21.4,9.5,0
1009,East,2023-10-06,16.7,55.4,0.6,40.0,8.8,0
1010,East,2023-10-07,14.4,76.3,0,57.6,10.9,0
1011,East,2023-10-08,16.3,91.3,11.3,15.9,10.6,0
1012,East,2023-10-09,14.6,66.7,1.4,79.3,3.0,0
1013,East,2023-10-10,14.3,77.3,6.3,64.6,4.7,0
1014,East,2023-10-11,17.4,38.2,0,14.2,3.1,0
1015,East,2023-10-12,12.1,75.4,12.2,67.1,6.8,0
1016,East,2023-10-13,17.6,63.0,5.4,65.2,2.0,0
1017,East,2023-10-14,14.4,39.3,6.8,30.5,3.3,0
1018,East,2023-10-15,14.7,37.3,0,73.8,0.1,0
1019,East,2023-10-16,17.2,48.0,5.9,47.1,1.3,0
1020,East,2023-10-17,13.1,38.0,18.8,65.1,0.6,0
1021,East,2023-10-18,16.0,47.2,0,63.4,1.7,0
1022,East,2023-10-19,14.5,37.6,3.5,62.1,9.7,0
1023,East,2023-10-20,13.3,82.6,0,52.6,5.0,0
1024,East,2023-10-21,12.6,89.0,7.4,72.3,0.3,0
1025,East,2023-10-22,15.9,77.5,0,28.5,1.8,0
1026,East,2023-10-23,17.6,35.2,5.3,58.4,4.9,0
1027,East,2023-10-24,17.5,66.2,2.7,65.3,7.2,0
1028,East,2023-10-25,16.4,41.5,10.0,71.1,5.6,0
1029,East,2023-10-26,14.8,47.4,0,39.8,1.2,0
1030,East,2023-10-27,13.2,92.7,0,69.6,10.3,0
1031,East,2023-10-28,16.1,74.9,0,59.4,1.6,0
1032,East,2023-10-29,17.4,60.1,8.9,10.6,4.7,0
1033,East,2023-10-30,16.1,56.4,5.2,22.3,0.7,0
1034,East,2023-10-31,17.0,90.1,5.6,50.3,3.9,0
1035,East,2023-11-01,9.3,58.6,3.3,74.9,3.6,0
1036,East,2023-11-02,11.5,94.0,4.6,2.9,10.1,0
1037,East,2023-11-03,11.2,74.4,4.6,14.9,5.1,0
1038,East,2023-11-04,13.4,42.7,2.1,34.0,6.6,0
1039,East,2023-11-05,9.7,67.3,8.6,17.4,4.4,0
1040,East,2023-11-06,13.2,75.1,0,39.6,1.8,0
1041,East,2023-11-07,8.6,37.9,0,56.7,5.7,0
1042,East,2023-11-08,10.7,88.9,10.1,2.1,7.1,0
1043,East,2023-11-09,11.8,71.0,0,10.2,4.1,0
1044,East,2023-11-10,12.0,83.8,5.6,68.8,7.5,0
1045,East,2023-11-11,13.8,39.6,12.2,65.2,2.5,0
1046,East,2023-11-12,12.0,88.1,15.0,48.3,1.9,0
1047,East,2023-11-13,10.1,85.4,0,62.5,2.4,0
1048,East,2023-11-14,10.5,38.4,0,33.9,1.0,0
1049,East,2023-11-15,10.4,32.3,0,44.1,5.1,0
1050,East,2023-11-16,11.4,55.3,15.5,39.8,10.6,0
1051,East,2023-11-17,12.9,82.5,7.6,3.1,0.2,0
1052,East,2023-11-18,9.1,55.8,0.3,28.3,9.3,0
1053,East,2023-11-19,13.3,66.0,13.0,44.8,10.6,0
1054,East,2023-11-20,12.6,92.6,0,39.4,8.7,0
1055,East,2023-11-21,12.1,90.0,5.7,20.7,4.4,0
1056,East,2023-11-22,9.5,58.8,0,21.0,1.6,0
1057,East,2023-11-23,14.2,92.7,27.6,11.3,1.8,0
1058,East,2023-11-24,12.6,31.1,2.5,8.5,6.7,0
1059,East,2023-11-25,9.9,40.0,0,59.2,1.7,0
1060,East,2023-11-26,13.2,94.4,0.6,50.5,2.0,0
1061,East,2023-11-27,12.7,53.0,9.8,71.1,10.9,0
1062,East,2023-11-28,10.4,54.2,6.8,3.9,4.3,0
1063,East,2023-11-29,13.3,71.3,2.2,19.6,9.4,0
1064,East,2023-11-30,9.0,33.6,0,31.7,8.7,0
1065,East,2023-12-01,8.7,83.8,16.9,18.3,6.1,0
1066,East,2023-12-02,8.8,37.9,5.5,44.9,1.6,0
1067,East,2023-12-03,12.3,34.7,5.8,52.9,5.6,0
1068,East,2023-12-04,8.7,56.0,0.1,45.7,7.9,0
1069,East,2023-12-05,10.9,55.1,2.5,38.1,4.0,0
1070,East,2023-12-06,8.5,34.7,10.9,13.9,6.9,0
1071,East,2023-12-07,7.4,35.6,11.3,6.2,8.4,0
1072,East,2023-12-08,11.0,51.4,4.1,21.7,6.3,0
1073,East,2023-12-09,11.0,67.5,0,47.3,5.0,0
1074,East,2023-12-10,10.0,82.3,21.3,4.8,8.8,0
1075,East,2023-12-11,11.9,31.2,15.7,53.3,0.8,0
1076,East,2023-12-12,12.2,62.2,24.1,10.9,7.3,0
1077,East,2023-12-13,7.9,34.8,6.8,57.3,10.0,0
1078,East,2023-12-14,10.7,60.1,10.7,45.3,5.0,0
1079,East,2023-12-15,7.2,92.1,1.9,34.1,9.8,0
1080,East,2023-12-16,8.4,81.9,5.5,78.8,2.0,0
1081,East,2023-12-17,9.6,55.3,5.8,27.1,6.3,0
1082,East,2023-12-18,10.2,70.4,0,51.9,4.6,0
1083,East,2023-12-19,8.4,71.4,7.9,45.7,10.1,0
1084,East,2023-12-20,11.2,43.2,15.9,48.2,6.9,0
1085,East,2023-12-21,9.3,50.1,14.4,58.0,6.4,0
1086,East,2023-12-22,9.0,45.2,6.8,11.6,1.7,0
1087,East,2023-12-23,10.5,52.9,12.3,64.6,3.0,0
1088,East,2023-12-24,8.7,71.6,6.1,64.0,3.1,0
1089,East,2023-12-25,7.0,33.2,18.4,37.1,3.4,0
1090,East,2023-12-26,10.3,79.6,21.2,39.7,3.3,0
1091,East,2023-12-27,9.7,59.3,0,33.6,2.2,0
1092,East,2023-12-28,12.3,57.7,22.7,79.2,2.8,0
1093,East,2023-12-29,9.0,31.5,5.3,17.6,2.2,0
1094,East,2023-12-30,10.5,55.1,12.0,21.8,4.7,0
1095,East,2023-12-31,8.1,60.2,19.6,45.2,3.9,0
1096,West,2023-01-01,11.8,54.7,12.9,25.7,0.5,0
1097,West,2023-01-02,10.6,60.3,12.7,8.8,5.8,0
1098,West,2023-01-03,11.1,73.8,5.4,34.1,2.6,0
1099,West,2023-01-04,8.8,50.4,2.6,68.0,9.2,0
1100,West,2023-01-05,12.9,69.8,14.4,27.9,3.1,0
1101,West,2023-01-06,12.3,46.1,18.2,70.0,10.4,0
1102,West,2023-01-07,10.1,44.4,2.7,56.7,8.6,0
1103,West,2023-01-08,13.1,49.8,12.5,48.3,2.7,0
1104,West,2023-01-09,12.0,84.2,12.2,75.6,2.8,0
1105,West,2023-01-10,11.8,48.5,0,32.8,0.2,0
1106,West,2023-01-11,12.9,84.4,2.1,56.0,1.9,0
1107,West,2023-01-12,9.7,68.6,0.8,57.8,8.0,0
1108,West,2023-01-13,9.7,67.4,5.0,65.4,7.1,0
1109,West,2023-01-14,13.6,67.9,8.4,12.6,10.6,0
1110,West,2023-01-15,14.3,79.4,3.5,35.6,0.7,0
1111,West,2023-01-16,9.4,85.9,5.7,24.1,9.4,0
1112,West,2023-01-17,10.4,48.7,0,56.8,4.5,0
1113,West,2023-01-18,10.4,82.0,14.4,3.0,0.1,0
1114,West,2023-01-19,10.2,66.8,15.2,67.9,4.2,0
1115,West,2023-01-20,8.7,77.0,5.4,2.2,9.9,0
1116,West,2023-01-21,13.6,36.9,7.6,62.3,2.2,0
1117,West,2023-01-22,13.5,51.7,0,56.6,4.3,0
1118,West,2023-01-23,10.3,51.9,9.7,54.2,5.2,0
1119,West,2023-01-24,8.4,91.1,8.2,45.9,2.4,0
1120,West,2023-01-25,8.8,75.9,4.4,44.2,2.1,0
1121,West,2023-01-26,12.5,55.8,5.6,74.8,6.1,0
1122,West,2023-01-27,8.6,43.3,8.1,71.2,2.1,0
1123,West,2023-01-28,10.8,90.6,4.9,19.9,3.4,0
1124,West,2023-01-29,10.1,47.2,2.9,16.6,1.2,0
1125,West,2023-01-30,10.1,73.1,3.2,59.3,7.4,0
1126,West,2023-01-31,12.3,80.8,0,43.2,0.3,0
1127,West,2023-02-01,15.3,88.6,11.6,56.6,1.5,0
1128,West,2023-02-02,17.2,54.8,2.8,46.6,0.6,0
1129,West,2023-02-03,17.3,72.5,0,35.1,3.1,0
1130,West,2023-02-04,14.8,42.2,0,3.0,2.3,0
1131,West,2023-02-05,13.9,40.1,0,29.3,0.5,0
1132,West,2023-02-06,13.0,66.3,1.8,75.5,4.6,0
1133,West,2023-02-07,14.0,59.1,0,73.8,1.8,0
1134,West,2023-02-08,13.2,63.8,18.9,12.3,8.7,0
1135,West,2023-02-09,12.1,31.1,0,8.6,2.2,0
1136,West,2023-02-10,12.1,31.4,14.1,15.8,4.5,0
1137,West,2023-02-11,14.6,77.7,17.3,62.7,4.0,0
1138,West,2023-02-12,16.9,58.4,17.0,34.1,8.5,0
1139,West,2023-02-13,15.7,52.6,7.4,59.9,1.9,0
1140,West,2023-02-14,15.9,43.7,0,6.3,9.9,0
1141,West,2023-02-15,17.5,77.8,0,39.0,2.6,0
1142,West,2023-02-16,13.3,76.6,2.9,76.1,1.4,0
1143,West,2023-02-17,12.8,49.2,24.5,46.5,8.2,0
1144,West,2023-02-18,18.0,80.1,13.9,7.3,7.9,0
1145,West,2023-02-19,17.7,73.0,6.8,29.9,4.8,0
1146,West,2023-02-20,17.3,56.9,6.9,66.5,7.3,0
1147,West,2023-02-21,15.3,77.4,19.6,38.1,7.0,0
1148,West,2023-02-22,15.0,83.6,1.1,33.1,6.8,0
1149,West,2023-02-23,17.0,90.8,7.6,30.9,7.0,0
1150,West,2023-02-24,13.4,86.7,10.7,35.3,8.7,0
1151,West,2023-02-25,14.8,39.6,0,14.4,3.5,0
1152,West,2023-02-26,12.2,92.1,4.3,62.6,3.8,0
1153,West,2023-02-27,14.4,64.7,0.9,58.0,1.6,0
1154,West,2023-02-28,13.5,46.2,0,15.0,6.3,0
1155,West,2023-03-01,22.6,81.6,7.7,78.3,1.3,0
1156,West,2023-03-02,19.7,63.4,7.0,18.9,3.8,0
1157,West,2023-03-03,21.1,57.0,14.6,53.6,9.8,0
1158,West,2023-03-04,22.4,59.5,0,4.0,9.1,0
1159,West,2023-03-05,18.7,32.3,1.1,12.1,1.1,0
1160,West,2023-03-06,22.8,70.1,0.8,55.6,2.0,0
1161,West,2023-03-07,18.9,87.6,5.8,13.8,1.6,0
1162,West,2023-03-08,20.0,55.2,0,20.4,2.4,0
1163,West,2023-03-09,19.7,40.6,0.8,11.5,4.1,0
1164,West,2023-03-10,19.3,50.8,10.1,64.9,6.5,0
1165,West,2023-03-11,20.9,85.2,6.9,58.9,7.6,0
1166,West,2023-03-12,21.9,43.2,9.9,23.2,3.3,0
1167,West,2023-03-13,22.3,84.2,0,39.9,6.6,0
1168,West,2023-03-14,22.5,30.8,19.4,37.2,8.8,0
1169,West,2023-03-15,17.1,54.3,0,54.7,0.8,0
1170,West,2023-03-16,21.6,50.4,0,63.0,4.9,0
1171,West,2023-03-17,18.5,75.6,8.5,52.6,1.8,0
1172,West,2023-03-18,22.3,78.2,12.7,33.1,2.9,0
1173,West,2023-03-19,19.7,62.4,2.9,73.0,6.2,0
1174,West,2023-03-20,17.1,35.2,9.4,31.9,6.0,0
1175,West,2023-03-21,17.9,69.3,12.6,58.0,1.7,0
1176,West,2023-03-22,20.6,37.6,6.3,25.8,9.5,0
1177,West,2023-03-23,22.6,56.7,15.3,25.3,7.3,0
1178,West,2023-03-24,20.5,45.1,7.8,19.5,7.4,0
1179,West,2023-03-25,21.9,72.0,10.2,23.7,8.4,0
1180,West,2023-03-26,18.1,58.0,14.9,6.1,7.3,0
1181,West,2023-03-27,20.7,31.8,1.4,15.6,8.0,0
1182,West,2023-03-28,18.3,65.0,0,68.1,0.5,0
1183,West,2023-03-29,20.4,85.4,7.5,5.1,7.1,0
1184,West,2023-03-30,18.1,39.9,20.5,76.0,1.9,0
1185,West,2023-03-31,17.5,78.7,0,9.0,4.1,0
1186,West,2023-04-01,22.9,58.3,3.7,33.4,5.5,0
1187,West,2023-04-02,24.4,88.1,13.4,42.5,2.9,0
1188,West,2023-04-03,25.2,55.3,11.4,79.1,8.3,0
1189,West,2023-04-04,27.0,73.8,12.6,45.6,5.5,0
1190,West,2023-04-05,27.6,58.7,7.1,42.0,2.7,0
1191,West,2023-04-06,23.9,51.3,4.3,32.1,10.4,0
1192,West,2023-04-07,24.4,50.2,0,59.6,6.6,0
1193,West,2023-04-08,26.3,44.2,2.9,11.3,10.2,0
1194,West,2023-04-09,26.9,41.6,1.7,15.5,0.2,0
1195,West,2023-04-10,26.1,33.0,8.2,17.4,10.7,0
1196,West,2023-04-11,23.7,61.6,10.2,40.9,9.7,0
1197,West,2023-04-12,26.6,75.5,11.9,49.2,1.7,0
1198,West,2023-04-13,26.6,68.2,10.8,47.5,6.7,0
1199,West,2023-04-14,25.5,64.2,0,15.9,8.1,0
1200,West,2023-04-15,22.1,44.3,0,34.6,4.5,0
1201,West,2023-04-16,26.4,78.4,4.2,27.8,2.2,0
1202,West,2023-04-17,23.0,51.9,2.2,43.5,2.1,0
1203,West,2023-04-18,22.6,50.9,19.0,21.6,9.7,0
1204,West,2023-04-19,27.4,65.7,9.2,0.2,3.9,0
1205,West,2023-04-20,26.1,90.1,11.1,52.8,6.2,0
1206,West,2023-04-21,25.7,33.9,0,31.8,7.7,0
1207,West,2023-04-22,23.0,59.7,0,18.2,9.3,0
1208,West,2023-04-23,28.0,43.4,7.3,69.8,6.7,0
1209,West,2023-04-24,24.3,81.3,10.4,38.7,9.9,0
1210,West,2023-04-25,22.5,51.9,3.6,9.1,6.9,0
1211,West,2023-04-26,25.3,82.7,8.8,31.8,1.2,0
1212,West,2023-04-27,24.6,49.8,0,62.2,0.0,0
1213,West,2023-04-28,22.4,40.1,0.3,72.0,7.9,0
1214,West,2023-04-29,22.9,73.7,4.8,67.9,8.0,0
1215,West,2023-04-30,23.3,88.4,0,68.5,5.8,0
1216,West,2023-05-01,27.6,91.0,7.6,58.9,7.7,0
1217,West,2023-05-02,28.1,88.2,1.4,3.5,8.3,0
1218,West,2023-05-03,30.0,83.7,5.2,13.4,7.0,0
1219,West,2023-05-04,31.3,64.0,14.1,19.8,0.8,0
1220,West,2023-05-05,26.4,69.4,0,76.5,1.3,0
1221,West,2023-05-06,31.2,75.2,0,46.4,5.9,0
1222,West,2023-05-07,27.1,75.0,13.6,28.0,5.5,0
1223,West,2023-05-08,30.1,31.1,2.3,56.1,4.1,0
1224,West,2023-05-09,29.8,83.4,0,42.7,8.4,0
1225,West,2023-05-10,29.3,53.0,7.1,35.9,3.4,0
1226,West,2023-05-11,28.7,66.8,1.2,76.2,3.8,0
1227,West,2023-05-12,27.0,47.7,0,61.1,8.1,0
1228,West,2023-05-13,31.0,67.7,9.5,48.6,4.9,0
1229,West,2023-05-14,29.4,39.3,0,79.1,3.3,0
1230,West,2023-05-15,30.2,67.3,0,31.7,0.2,0
1231,West,2023-05-16,25.7,80.8,0,39.8,6.2,0
1232,West,2023-05-17,29.8,85.3,8.2,22.7,3.0,0
1233,West,2023-05-18,31.4,42.6,0,24.2,4.5,0
1234,West,2023-05-19,27.1,84.5,0,41.5,6.9,0
1235,West,2023-05-20,26.9,77.6,0,79.8,3.2,0
1236,West,2023-05-21,29.2,31.8,2.8,23.2,0.1,0
1237,West,2023-05-22,29.3,73.1,0,0.8,10.6,0
1238,West,2023-05-23,26.4,87.7,4.3,2.5,4.4,0
1239,West,2023-05-24,31.4,32.5,0,72.1,0.2,0
1240,West,2023-05-25,28.9,47.6,11.0,66.7,3.9,0
1241,West,2023-05-26,26.3,44.4,0,44.4,9.6,0
1242,West,2023-05-27,30.5,51.4,1.5,24.4,9.0,0
1243,West,2023-05-28,29.0,70.2,4.5,68.4,10.9,0
1244,West,2023-05-29,29.0,57.0,0,69.2,0.2,0
1245,West,2023-05-30,31.2,59.1,4.1,0.1,0.5,0
1246,West,2023-05-31,27.7,55.4,5.9,54.3,1.1,0
1247,West,2023-06-01,32.3,80.6,1.7,72.9,10.5,0
1248,West,2023-06-02,29.3,36.3,9.2,20.9,6.2,0
1249,West,2023-06-03,32.0,93.6,0,23.5,4.9,0
1250,West,2023-06-04,27.3,79.5,0,73.1,10.0,0
1251,West,2023-06-05,30.9,64.5,13.6,64.3,0.3,0
1252,West,2023-06-06,30.8,43.3,19.0,29.8,7.6,0
1253,West,2023-06-07,27.3,47.6,0,20.2,6.6,0
1254,West,2023-06-08,32.6,55.6,23.8,21.9,3.8,0
1255,West,2023-06-09,29.5,88.7,0,13.2,10.3,0
1256,West,2023-06-10,29.3,81.2,15.4,10.1,3.6,0
1257,West,2023-06-11,29.1,68.8,8.0,74.6,8.4,0
1258,West,2023-06-12,28.1,85.6,1.9,10.0,0.1,0
1259,West,2023-06-13,28.4,90.6,1.0,63.5,2.8,0
1260,West,2023-06-14,28.8,88.5,0,24.3,3.2,0
1261,West,2023-06-15,31.7,54.2,6.5,13.7,9.3,0
1262,West,2023-06-16,31.9,64.7,13.5,25.0,5.4,0
1263,West,2023-06-17,27.5,38.9,1.3,8.1,7.7,0
1264,West,2023-06-18,32.2,68.7,11.4,0.3,2.7,0
1265,West,2023-06-19,27.8,42.0,18.5,74.3,8.6,0
1266,West,2023-06-20,28.4,80.6,13.8,11.5,10.7,0
1267,West,2023-06-21,30.0,57.7,3.5,58.5,6.8,0
1268,West,2023-06-22,30.3,76.3,16.4,25.7,3.6,0
1269,West,2023-06-23,28.1,73.5,12.4,11.2,9.5,0
1270,West,2023-06-24,27.6,37.5,18.5,40.2,5.4,0
1271,West,2023-06-25,30.7,59.2,21.8,42.3,7.0,0
1272,West,2023-06-26,29.2,69.0,11.0,20.7,5.0,0
1273,West,2023-06-27,28.6,45.0,1.3,61.8,3.3,0
1274,West,2023-06-28,32.2,77.6,9.1,68.3,3.3,0
1275,West,2023-06-29,32.0,84.9,12.7,56.2,10.8,0
1276,West,2023-06-30,29.8,46.9,12.2,67.8,6.6,0
1277,West,2023-07-01,25.9,45.0,3.0,15.6,5.8,0
1278,West,2023-07-02,28.2,86.8,4.9,5.5,2.2,0
1279,West,2023-07-03,30.6,63.9,0.9,74.9,5.6,0
1280,West,2023-07-04,28.7,87.8,2.0,65.0,6.1,0
1281,West,2023-07-05,27.8,41.3,0,22.8,6.1,0
1282,West,2023-07-06,26.8,74.5,3.6,25.1,1.3,0
1283,West,2023-07-07,29.8,56.6,7.7,26.2,2.5,0
1284,West,2023-07-08,30.5,81.0,0.2,4.0,5.6,0
1285,West,2023-07-09,30.8,53.2,3.0,22.3,4.2,0
1286,West,2023-07-10,26.2,61.1,0.3,59.4,10.3,0
1287,West,2023-07-11,29.2,55.8,26.5,18.0,8.9,0
1288,West,2023-07-12,26.5,69.3,0,20.6,4.1,0
1289,West,2023-07-13,30.4,47.0,7.2,47.0,6.4,0
1290,West,2023-07-14,25.8,32.4,3.5,3.9,6.6,0
1291,West,2023-07-15,27.7,44.8,22.3,66.6,7.5,0
1292,West,2023-07-16,27.7,36.2,6.9,6.8,6.5,0
1293,West,2023-07-17,29.6,48.9,2.3,31.2,8.1,0
1294,West,2023-07-18,28.7,63.6,16.3,49.5,10.3,0
1295,West,2023-07-19,30.7,70.0,0,13.7,10.0,0
1296,West,2023-07-20,27.9,80.4,7.0,39.2,7.0,0
1297,West,2023-07-21,29.1,79.0,11.8,8.9,6.5,0
1298,West,2023-07-22,26.7,34.6,11.9,59.6,5.1,0
1299,West,2023-07-23,28.9,72.9,0,5.9,1.5,0
1300,West,2023-07-24,28.8,42.2,0,48.7,9.5,0
1301,West,2023-07-25,31.1,60.0,16.9,42.3,10.1,0
1302,West,2023-07-26,27.2,51.4,0,7.9,2.9,0
1303,West,2023-07-27,31.2,57.7,5.3,79.6,10.8,0
1304,West,2023-07-28,26.3,41.8,0.3,17.4,0.3,0
1305,West,2023-07-29,28.8,52.2,0,62.0,6.4,0
1306,West,2023-07-30,29.3,94.1,9.0,66.7,0.9,0
1307,West,2023-07-31,31.3,51.9,19.8,59.0,6.8,0
1308,West,2023-08-01,27.5,92.8,6.1,57.6,6.9,0
1309,West,2023-08-02,23.0,36.8,2.6,25.2,6.2,0
1310,West,2023-08-03,24.6,57.5,5.5,16.6,9.1,0
1311,West,2023-08-04,24.2,70.8,0,43.1,0.2,0
1312,West,2023-08-05,26.3,92.5,0,1.0,9.2,0
1313,West,2023-08-06,23.9,38.2,0,9.7,6.3,0
1314,West,2023-08-07,26.7,35.2,13.1,19.9,9.4,0
1315,West,2023-08-08,22.8,67.3,0.8,69.3,3.8,0
1316,West,2023-08-09,23.5,57.7,5.7,45.9,7.6,0
1317,West,2023-08-10,24.0,64.8,12.6,9.8,3.1,0
1318,West,2023-08-11,22.4,38.8,10.6,17.0,5.1,0
1319,West,2023-08-12,24.4,88.9,18.0,42.5,2.3,0
1320,West,2023-08-13,26.5,39.1,0,35.2,2.4,0
1321,West,2023-08-14,24.1,76.8,0.1,28.3,8.8,0
1322,West,2023-08-15,22.4,30.5,8.5,26.7,3.5,0
1323,West,2023-08-16,27.2,78.8,8.4,50.6,3.2,0
1324,West,2023-08-17,26.0,35.6,4.4,26.7,4.2,0
1325,West,2023-08-18,24.3,68.0,0,63.2,1.3,0
1326,West,2023-08-19,24.3,46.0,1.9,76.5,6.7,0
1327,West,2023-08-20,26.0,84.5,12.7,14.5,0.3,0
1328,West,2023-08-21,23.0,68.6,0.2,79.7,7.2,0
1329,West,2023-08-22,24.5,52.3,5.0,6.6,8.9,0
1330,West,2023-08-23,23.5,83.1,10.0,54.6,0.8,0
1331,West,2023-08-24,27.4,70.5,0,25.9,9.8,0
1332,West,2023-08-25,24.0,86.7,0,50.8,3.3,0
1333,West,2023-08-26,27.0,32.8,2.1,15.1,6.2,0
1334,West,2023-08-27,22.0,61.9,7.9,17.1,2.9,0
1335,West,2023-08-28,24.9,43.6,15.5,69.8,2.9,0
1336,West,2023-08-29,23.6,47.6,16.8,9.3,8.3,0
1337,West,2023-08-30,23.4,50.6,5.4,32.9,8.8,0
1338,West,2023-08-31,24.5,56.1,6.6,55.6,9.5,0
1339,West,2023-09-01,21.0,69.4,22.5,45.6,1.9,0
1340,West,2023-09-02,20.2,85.8,1.1,75.1,5.6,0
1341,West,2023-09-03,21.6,86.6,5.2,68.5,2.6,0
1342,West,2023-09-04,22.0,51.4,0,59.9,5.0,0
1343,West,2023-09-05,22.1,38.0,4.5,51.3,4.7,0
1344,West,2023-09-06,20.3,66.4,10.3,9.6,1.2,0
1345,West,2023-09-07,19.3,84.1,3.3,66.3,2.2,0
1346,West,2023-09-08,22.7,68.4,17.7,60.8,9.9,0
1347,West,2023-09-09,20.0,43.4,0,28.7,5.6,0
1348,West,2023-09-10,21.4,43.9,7.2,22.7,5.2,0
1349,West,2023-09-11,17.1,46.3,5.1,1.0,10.0,0
1350,West,2023-09-12,22.7,52.7,6.0,41.0,7.0,0
1351,West,2023-09-13,19.5,31.5,0,27.9,8.7,0
1352,West,2023-09-14,22.8,90.0,2.8,5.4,9.3,0
1353,West,2023-09-15,22.2,45.1,6.8,52.2,5.0,0
1354,West,2023-09-16,17.8,47.5,6.1,22.4,0.2,0
1355,West,2023-09-17,21.2,62.2,0,8.0,2.4,0
1356,West,2023-09-18,18.6,94.9,0,19.2,6.1,0
1357,West,2023-09-19,17.5,70.4,3.5,76.4,10.2,0
1358,West,2023-09-20,17.9,48.0,0,76.2,0.3,0
1359,West,2023-09-21,21.4,66.3,9.6,20.5,10.3,0
1360,West,2023-09-22,19.4,41.9,11.5,29.9,10.9,0
1361,West,2023-09-23,22.1,81.6,5.5,66.6,7.6,0
1362,West,2023-09-24,21.0,41.2,6.2,8.0,5.9,0
1363,West,2023-09-25,20.7,32.3,1.7,7.9,4.2,0
1364,West,2023-09-26,17.3,30.8,14.2,43.7,4.9,0
1365,West,2023-09-27,20.9,33.6,17.6,2.5,3.7,0
1366,West,2023-09-28,21.8,55.4,0,64.2,7.9,0
1367,West,2023-09-29,17.4,53.4,0,2.5,3.7,0
1368,West,2023-09-30,19.9,50.3,10.4,4.8,5.4,0
1369,West,2023-10-01,12.8,92.1,3.8,63.9,2.4,0
1370,West,2023-10-02,14.8,42.3,4.5,62.3,7.2,0
1371,West,2023-10-03,13.0,36.1,9.2,45.3,8.2,0
1372,West,2023-10-04,14.8,34.9,19.0,31.2,1.6,0
1373,West,2023-10-05,12.7,82.3,4.6,56.8,3.1,0
1374,West,2023-10-06,14.4,37.3,21.2,39.7,6.3,0
1375,West,2023-10-07,15.3,94.5,18.8,36.4,3.4,0
1376,West,2023-10-08,14.4,93.9,11.3,11.6,2.5,0
1377,West,2023-10-09,13.8,85.7,8.9,28.8,1.0,0
1378,West,2023-10-10,14.4,39.4,3.2,14.5,10.0,0
1379,West,2023-10-11,13.6,35.3,22.0,53.1,0.2,0
1380,West,2023-10-12,13.6,78.2,0,35.7,9.3,0
1381,West,2023-10-13,17.3,54.4,16.9,33.7,6.9,0
1382,West,2023-10-14,13.9,44.6,6.7,10.4,4.5,0
1383,West,2023-10-15,15.9,69.2,1.8,77.6,7.4,0
1384,West,2023-10-16,13.6,52.4,14.7,55.4,6.4,0
1385,West,2023-10-17,14.1,54.8,7.6,53.4,3.5,0
1386,West,2023-10-18,17.6,67.8,7.8,67.3,1.9,0
1387,West,2023-10-19,14.6,87.3,17.5,58.6,8.8,0
1388,West,2023-10-20,17.3,46.6,4.5,44.5,8.7,0
1389,West,2023-10-21,17.4,63.4,0.1,30.3,0.6,0
1390,West,2023-10-22,12.1,64.2,7.6,25.0,2.8,0
1391,West,2023-10-23,15.1,45.0,9.4,7.1,6.2,0
1392,West,2023-10-24,15.4,61.9,0,49.6,6.2,0
1393,West,2023-10-25,12.5,49.6,14.9,58.1,5.8,0
1394,West,2023-10-26,16.9,88.1,8.2,78.0,4.3,0
1395,West,2023-10-27,17.8,70.6,12.0,78.4,3.1,0
1396,West,2023-10-28,13.6,58.4,0,35.9,10.5,0
1397,West,2023-10-29,15.0,37.6,0,25.5,4.7,0
1398,West,2023-10-30,12.9,85.6,0.6,13.5,11.0,0
1399,West,2023-10-31,13.2,77.2,0,69.3,4.0,0
1400,West,2023-11-01,10.3,87.1,0,60.9,0.0,0
1401,West,2023-11-02,8.5,65.7,0,59.5,10.9,0
1402,West,2023-11-03,11.1,68.6,14.9,49.0,0.0,0
1403,West,2023-11-04,11.5,79.9,1.8,20.2,4.5,0
1404,West,2023-11-05,8.4,67.7,3.6,68.5,1.0,0
1405,West,2023-11-06,11.7,78.2,8.4,54.8,2.2,0
1406,West,2023-11-07,11.1,84.1,9.8,53.9,10.4,0
1407,West,2023-11-08,11.8,59.9,4.5,0.7,8.7,0
1408,West,2023-11-09,10.4,65.3,2.6,67.4,0.9,0
1409,West,2023-11-10,13.5,89.1,0,31.1,0.4,0
1410,West,2023-11-11,8.5,68.8,21.7,67.3,6.5,0
1411,West,2023-11-12,10.0,44.2,0,57.8,2.7,0
1412,West,2023-11-13,11.0,90.4,11.7,41.9,0.9,0
1413,West,2023-11-14,8.9,69.3,0,26.4,1.6,0
1414,West,2023-11-15,11.8,82.3,0,12.0,0.2,0
1415,West,2023-11-16,12.2,82.3,3.5,16.3,8.4,0
1416,West,2023-11-17,10.0,56.7,2.4,35.7,4.1,0
1417,West,2023-11-18,11.8,68.8,1.5,21.9,4.4,0
1418,West,2023-11-19,11.0,76.5,21.5,7.6,6.1,0
1419,West,2023-11-20,9.9,71.9,9.4,61.6,10.0,0
1420,West,2023-11-21,12.5,39.9,5.4,11.0,2.4,0
1421,West,2023-11-22,11.0,90.0,4.9,76.9,4.3,0
1422,West,2023-11-23,8.5,52.5,5.4,71.0,5.5,0
1423,West,2023-11-24,12.5,88.8,0,28.7,10.7,0
1424,West,2023-11-25,10.8,40.4,7.9,74.4,3.8,0
1425,West,2023-11-26,11.1,30.5,14.5,79.4,6.2,0
1426,West,2023-11-27,9.2,75.6,10.8,8.6,1.3,0
1427,West,2023-11-28,10.9,34.5,10.0,26.2,6.2,0
1428,West,2023-11-29,10.1,86.3,15.1,31.8,9.7,0
1429,West,2023-11-30,8.7,69.1,6.2,32.7,0.6,0
1430,West,2023-12-01,7.8,45.7,11.2,11.5,1.0,0
1431,West,2023-12-02,7.5,87.1,9.5,72.3,6.2,0
1432,West,2023-12-03,12.9,70.8,2.1,5.5,1.0,0
1433,West,2023-12-04,7.2,88.8,17.0,0.9,8.1,0
1434,West,2023-12-05,9.6,51.1,0.8,76.5,8.5,0
1435,West,2023-12-06,11.4,93.3,4.6,3.7,9.6,0
1436,West,2023-12-07,10.9,88.1,12.8,78.3,4.6,0
1437,West,2023-12-08,8.3,71.2,0,8.6,1.0,0
1438,West,2023-12-09,8.4,53.8,19.0,57.5,8.8,0
1439,West,2023-12-10,12.9,92.7,0,20.8,3.8,0
1440,West,2023-12-11,12.8,35.4,19.4,79.9,5.9,0
1441,West,2023-12-12,8.0,50.7,14.7,66.1,7.3,0
1442,West,2023-12-13,8.1,59.4,12.2,0.3,4.3,0
1443,West,2023-12-14,9.5,82.6,22.0,62.7,10.5,0
1444,West,2023-12-15,12.1,47.9,0,6.1,10.2,0
1445,West,2023-12-16,12.3,87.5,0,40.9,9.3,0
1446,West,2023-12-17,11.7,49.1,10.5,37.4,0.9,0
1447,West,2023-12-18,8.0,33.9,5.4,33.0,10.3,0
1448,West,2023-12-19,11.8,49.7,6.3,45.3,10.9,0
1449,West,2023-12-20,12.8,38.2,2.5,16.8,0.6,0
1450,West,2023-12-21,11.4,87.1,10.9,60.3,6.0,0
1451,West,2023-12-22,12.7,39.8,0,67.5,6.7,0
1452,West,2023-12-23,11.5,40.6,14.8,20.5,8.6,0
1453,West,2023-12-24,7.1,56.0,0,51.4,1.0,0
1454,West,2023-12-25,7.7,73.6,0,49.0,8.5,0
1455,West,2023-12-26,10.3,35.2,8.7,68.6,4.7,0
1456,West,2023-12-27,8.8,51.9,9.8,46.9,3.2,0
1457,West,2023-12-28,12.2,62.7,6.3,41.3,6.5,0
1458,West,2023-12-29,9.5,31.5,7.6,32.4,2.9,0
1459,West,2023-12-30,11.6,52.6,8.0,3.5,1.0,0
1460,West,2023-12-31,11.9,54.1,7.1,15.7,8.2,0
1461,Central,2023-01-01,8.8,77.2,5.0,56.7,0.6,0
1462,Central,2023-01-02,12.0,91.8,7.0,33.9,9.1,0
1463,Central,2023-01-03,9.8,39.2,2.4,40.4,0.6,0
1464,Central,2023-01-04,8.7,40.6,0,80.0,2.2,0
1465,Central,2023-01-05,11.9,65.8,0,76.6,0.9,0
1466,Central,2023-01-06,13.2,32.1,0,1.1,3.3,0
1467,Central,2023-01-07,14.0,82.9,5.8,39.7,1.1,0
1468,Central,2023-01-08,13.3,79.5,18.3,44.4,0.5,0
1469,Central,2023-01-09,12.8,87.5,5.8,12.4,10.9,0
1470,Central,2023-01-10,10.5,76.5,0,78.2,10.9,0
1471,Central,2023-01-11,12.7,46.8,0,78.3,5.1,0
1472,Central,2023-01-12,11.5,86.4,1.8,73.7,6.9,0
1473,Central,2023-01-13,8.8,92.3,1.1,13.3,1.3,0
1474,Central,2023-01-14,11.2,40.8,11.1,42.3,9.5,0
1475,Central,2023-01-15,11.0,78.4,0,47.9,0.6,0
1476,Central,2023-01-16,9.7,37.3,7.5,33.2,4.7,0
1477,Central,2023-01-17,11.7,63.3,6.6,66.8,1.4,0
1478,Central,2023-01-18,9.6,68.7,0,60.7,7.0,0
1479,Central,2023-01-19,10.6,61.3,6.5,38.8,9.2,0
1480,Central,2023-01-20,8.6,87.1,0,44.8,1.2,0
1481,Central,2023-01-21,13.8,41.8,4.7,57.8,6.0,0
1482,Central,2023-01-22,13.0,60.3,6.4,77.6,0.3,0
1483,Central,2023-01-23,9.4,46.7,8.6,61.4,2.3,0
1484,Central,2023-01-24,10.7,42.1,1.1,77.6,1.3,0
1485,Central,2023-01-25,11.9,81.3,0,30.6,3.9,0
1486,Central,2023-01-26,11.1,55.9,12.9,37.8,4.3,0
1487,Central,2023-01-27,11.0,74.4,15.2,9.5,6.4,0
1488,Central,2023-01-28,14.2,90.5,9.5,55.8,10.3,0
1489,Central,2023-01-29,14.0,35.8,8.7,32.5,3.3,0
1490,Central,2023-01-30,9.2,34.7,6.3,38.4,0.1,0
1491,Central,2023-01-31,9.5,33.0,18.7,41.8,2.8,0
1492,Central,2023-02-01,16.7,48.3,0,17.0,8.2,0
1493,Central,2023-02-02,12.7,65.0,5.8,43.3,3.2,0
1494,Central,2023-02-03,12.4,31.5,9.3,24.1,1.2,0
1495,Central,2023-02-04,14.6,82.6,6.3,68.7,0.5,0
1496,Central,2023-02-05,12.6,89.3,5.6,30.2,7.9,0
1497,Central,2023-02-06,16.6,76.4,17.4,32.3,8.7,0
1498,Central,2023-02-07,13.4,86.4,4.2,49.2,3.6,0
1499,Central,2023-02-08,13.9,35.9,6.5,9.5,8.4,0
1500,Central,2023-02-09,17.5,57.3,5.0,61.5,1.7,0
1501,Central,2023-02-10,15.0,82.5,8.6,9.8,5.2,0
1502,Central,2023-02-11,15.3,50.9,0,61.2,9.5,0
1503,Central,2023-02-12,12.8,80.1,19.5,26.4,1.1,0
1504,Central,2023-02-13,13.4,54.2,0,45.0,5.6,0
1505,Central,2023-02-14,14.0,46.9,0,3.6,7.4,0
1506,Central,2023-02-15,15.6,40.5,18.3,58.7,0.2,0
1507,Central,2023-02-16,13.8,49.0,5.8,29.6,3.1,0
1508,Central,2023-02-17,16.6,60.5,0,2.9,0.7,0
1509,Central,2023-02-18,12.6,59.9,13.7,9.8,4.2,0
1510,Central,2023-02-19,13.6,72.4,8.5,42.5,7.1,0
1511,Central,2023-02-20,13.4,73.2,8.4,25.4,10.8,0
1512,Central,2023-02-21,15.2,80.5,6.4,71.1,3.3,0
1513,Central,2023-02-22,12.4,49.6,12.1,53.7,4.2,0
1514,Central,2023-02-23,13.0,41.2,0,20.8,8.3,0
1515,Central,2023-02-24,16.1,56.2,10.3,44.4,9.2,0
1516,Central,2023-02-25,18.0,59.2,12.0,34.3,1.5,0
1517,Central,2023-02-26,14.7,88.0,3.2,75.6,9.5,0
1518,Central,2023-02-27,16.2,91.3,0.9,16.7,6.0,0
1519,Central,2023-02-28,17.5,60.9,2.3,10.0,9.8,0
1520,Central,2023-03-01,19.6,62.8,0,38.0,0.6,0
1521,Central,2023-03-02,22.4,75.1,7.8,74.9,10.9,0
1522,Central,2023-03-03,20.5,45.2,0,4.6,3.7,0
1523,Central,2023-03-04,19.2,45.3,19.1,55.0,10.4,0
1524,Central,2023-03-05,20.6,39.4,5.5,16.0,4.6,0
1525,Central,2023-03-06,17.5,88.8,0,76.1,8.5,0
1526,Central,2023-03-07,18.9,74.3,0.0,59.0,4.5,0
1527,Central,2023-03-08,17.3,60.8,0,56.9,3.8,0
1528,Central,2023-03-09,18.0,85.3,0,46.9,9.5,0
1529,Central,2023-03-10,18.4,80.8,4.1,38.1,9.5,0
1530,Central,2023-03-11,21.5,38.5,20.4,58.3,2.0,0
1531,Central,2023-03-12,21.2,41.4,0,8.5,0.8,0
1532,Central,2023-03-13,19.8,54.1,0,71.0,4.7,0
1533,Central,2023-03-14,17.7,62.0,2.6,23.6,6.8,0
1534,Central,2023-03-15,20.3,37.4,6.3,21.5,6.1,0
1535,Central,2023-03-16,20.5,45.1,0,66.8,10.5,0
1536,Central,2023-03-17,17.0,68.0,18.4,64.5,2.1,0
1537,Central,2023-03-18,22.4,78.5,28.0,63.6,0.2,0
1538,Central,2023-03-19,23.0,87.9,4.3,14.8,4.4,0
1539,Central,2023-03-20,20.0,35.0,3.4,5.7,5.1,0
1540,Central,2023-03-21,22.3,31.3,5.8,17.3,11.0,0
1541,Central,2023-03-22,19.4,42.6,6.7,27.4,0.1,0
1542,Central,2023-03-23,17.2,67.9,3.5,16.7,4.5,0
1543,Central,2023-03-24,19.8,46.5,3.1,68.2,9.5,0
1544,Central,2023-03-25,19.6,66.6,15.3,62.6,4.8,0
1545,Central,2023-03-26,18.4,66.1,0,2.6,4.4,0
1546,Central,2023-03-27,22.6,46.9,0.0,12.5,3.8,0
1547,Central,2023-03-28,21.4,83.1,1.3,48.3,8.1,0
1548,Central,2023-03-29,18.3,60.0,3.8,12.6,8.3,0
1549,Central,2023-03-30,18.1,86.0,10.6,65.8,2.4,0
1550,Central,2023-03-31,20.9,49.4,13.8,61.8,9.0,0
1551,Central,2023-04-01,22.4,84.0,3.3,51.7,9.1,0
1552,Central,2023-04-02,24.7,40.8,0,51.6,3.9,0
1553,Central,2023-04-03,23.2,61.8,0,29.9,5.0,0
1554,Central,2023-04-04,22.0,85.8,0,34.8,9.0,0
1555,Central,2023-04-05,24.5,62.2,0,69.7,1.9,0
1556,Central,2023-04-06,25.3,73.2,11.2,73.8,6.2,0
1557,Central,2023-04-07,27.1,41.2,9.9,6.2,4.1,0
1558,Central,2023-04-08,27.0,49.5,6.5,65.1,6.8,0
1559,Central,2023-04-09,23.7,65.2,14.1,13.9,1.7,0
1560,Central,2023-04-10,27.7,46.1,0,13.9,10.5,0
1561,Central,2023-04-11,23.5,34.4,9.4,52.2,3.6,0
1562,Central,2023-04-12,27.1,33.9,11.4,49.5,8.0,0
1563,Central,2023-04-13,27.9,48.4,8.5,2.7,9.4,0
1564,Central,2023-04-14,25.5,82.9,0,64.7,3.1,0
1565,Central,2023-04-15,26.7,70.5,5.2,70.0,3.2,0
1566,Central,2023-04-16,23.5,89.7,0,47.4,1.5,0
1567,Central,2023-04-17,26.9,31.7,0,80.0,2.5,0
1568,Central,2023-04-18,22.8,92.8,0,21.6,3.0,0
1569,Central,2023-04-19,23.0,67.7,0,47.9,3.4,0
1570,Central,2023-04-20,27.2,69.1,7.5,10.7,0.6,0
1571,Central,2023-04-21,22.9,92.9,2.4,36.8,6.5,0
1572,Central,2023-04-22,23.7,34.3,6.8,1.2,2.0,0
1573,Central,2023-04-23,26.6,47.4,9.5,35.9,6.8,0
1574,Central,2023-04-24,26.8,68.1,8.0,14.5,4.9,0
1575,Central,2023-04-25,26.2,36.5,0,10.2,4.7,0
1576,Central,2023-04-26,27.7,60.8,14.2,12.1,9.4,0
1577,Central,2023-04-27,25.8,55.9,0,11.3,0.3,0
1578,Central,2023-04-28,25.7,37.8,16.4,64.7,2.5,0
1579,Central,2023-04-29,22.0,68.6,0,72.2,3.5,0
1580,Central,2023-04-30,22.8,34.0,0,13.3,1.2,0
1581,Central,2023-05-01,27.8,45.0,4.4,7.5,2.3,0
1582,Central,2023-05-02,30.3,36.5,6.0,51.2,3.3,0
1583,Central,2023-05-03,29.7,33.2,10.5,47.3,7.0,0
1584,Central,2023-05-04,27.2,69.4,0,10.1,7.6,0
1585,Central,2023-05-05,27.2,38.5,14.3,18.9,9.0,0
1586,Central,2023-05-06,29.4,73.9,3.3,56.0,5.9,0
1587,Central,2023-05-07,26.3,41.7,5.9,61.7,5.3,0
1588,Central,2023-05-08,25.9,62.0,4.6,30.6,6.3,0
1589,Central,2023-05-09,31.4,87.2,5.5,78.9,4.7,0
1590,Central,2023-05-10,26.2,86.7,0,75.4,1.8,0
1591,Central,2023-05-11,28.5,65.3,2.9,4.6,5.7,0
1592,Central,2023-05-12,29.5,81.1,13.3,28.7,5.8,0
1593,Central,2023-05-13,26.8,78.0,11.5,56.0,7.8,0
1594,Central,2023-05-14,28.5,56.3,17.2,13.8,8.1,0
1595,Central,2023-05-15,27.3,61.3,0,29.0,10.2,0
1596,Central,2023-05-16,30.8,71.4,0,25.5,4.1,0
1597,Central,2023-05-17,30.4,55.5,0.4,69.6,0.1,0
1598,Central,2023-05-18,26.3,41.9,3.3,58.3,7.3,0
1599,Central,2023-05-19,29.5,40.9,10.0,13.8,4.5,0
1600,Central,2023-05-20,29.2,46.4,0.5,14.4,0.1,0
1601,Central,2023-05-21,30.8,41.0,14.4,7.0,6.3,0
1602,Central,2023-05-22,26.7,30.7,20.4,1.1,7.7,0
1603,Central,2023-05-23,28.2,41.1,4.2,32.8,0.0,0
1604,Central,2023-05-24,31.2,88.0,2.9,66.2,0.6,0
1605,Central,2023-05-25,29.1,58.0,8.6,22.8,0.4,0
1606,Central,2023-05-26,30.0,69.9,13.4,4.0,8.4,0
1607,Central,2023-05-27,29.1,46.0,5.8,14.2,1.8,0
1608,Central,2023-05-28,30.7,36.1,0,76.0,2.4,0
1609,Central,2023-05-29,30.8,75.2,3.5,42.3,5.1,0
1610,Central,2023-05-30,29.6,50.8,5.8,22.5,1.2,0
1611,Central,2023-05-31,29.8,57.2,9.9,34.9,1.4,0
1612,Central,2023-06-01,28.7,76.1,0,57.1,3.9,0
1613,Central,2023-06-02,27.1,51.2,0,33.9,4.9,0
1614,Central,2023-06-03,29.6,39.5,6.2,17.8,1.2,0
1615,Central,2023-06-04,32.9,87.6,5.9,51.4,8.7,0
1616,Central,2023-06-05,28.6,76.3,1.2,77.2,3.3,0
1617,Central,2023-06-06,32.6,76.5,0.1,65.4,1.3,0
1618,Central,2023-06-07,31.5,59.9,9.1,37.1,7.2,0
1619,Central,2023-06-08,29.3,53.5,21.2,60.2,4.6,0
1620,Central,2023-06-09,31.2,81.4,0,48.4,2.0,0
1621,Central,2023-06-10,32.8,83.2,15.6,37.9,9.4,0
1622,Central,2023-06-11,27.6,65.8,0,1.6,1.0,0
1623,Central,2023-06-12,32.1,70.3,0.5,55.8,0.5,0
1624,Central,2023-06-13,28.0,66.4,3.1,35.6,2.9,0
1625,Central,2023-06-14,28.6,80.0,8.1,34.3,3.7,0
1626,Central,2023-06-15,28.2,83.6,10.5,45.8,4.9,0
1627,Central,2023-06-16,31.6,30.7,0.8,42.9,8.2,0
1628,Central,2023-06-17,29.3,79.5,10.2,33.4,6.2,0
1629,Central,2023-06-18,28.7,60.4,7.7,56.5,0.7,0
1630,Central,2023-06-19,27.1,92.2,13.1,47.6,2.5,0
1631,Central,2023-06-20,32.2,70.7,0,21.4,1.0,0
1632,Central,2023-06-21,31.4,45.2,17.2,62.4,6.6,0
1633,Central,2023-06-22,32.0,32.1,6.8,6.2,7.4,0
1634,Central,2023-06-23,27.3,61.8,0,51.8,4.5,0
1635,Central,2023-06-24,27.6,44.4,0,21.0,2.3,0
1636,Central,2023-06-25,27.3,77.3,4.4,6.6,8.3,0
1637,Central,2023-06-26,32.1,92.6,0.1,71.7,9.3,0
1638,Central,2023-06-27,27.8,87.0,11.7,60.4,4.4,0
1639,Central,2023-06-28,32.5,88.6,6.5,23.8,7.6,0
1640,Central,2023-06-29,30.1,83.1,0,59.7,6.3,0
1641,Central,2023-06-30,32.6,39.7,0,46.1,1.2,0
1642,Central,2023-07-01,30.3,50.0,6.9,3.3,5.0,0
1643,Central,2023-07-02,30.7,66.5,26.7,29.1,8.3,0
1644,Central,2023-07-03,28.2,51.9,7.8,2.9,7.8,0
1645,Central,2023-07-04,28.3,89.5,0,2.2,5.3,0
1646,Central,2023-07-05,28.3,43.7,1.7,65.4,5.2,0
1647,Central,2023-07-06,30.4,88.8,0.9,58.8,4.6,0
1648,Central,2023-07-07,31.0,60.9,3.7,46.0,3.1,0
1649,Central,2023-07-08,26.1,31.0,0,40.6,3.6,0
1650,Central,2023-07-09,28.7,51.4,4.3,47.8,9.1,0
1651,Central,2023-07-10,28.0,78.8,0.1,54.4,1.9,0
1652,Central,2023-07-11,28.8,70.2,2.6,67.8,8.3,0
1653,Central,2023-07-12,31.6,31.6,13.0,51.0,9.3,0
1654,Central,2023-07-13,30.7,71.4,0,45.7,1.5,0
1655,Central,2023-07-14,26.4,59.6,3.8,33.8,7.7,0
1656,Central,2023-07-15,26.1,86.2,20.7,54.6,4.9,0
1657,Central,2023-07-16,28.1,43.4,12.2,32.2,1.8,0
1658,Central,2023-07-17,31.2,74.0,0,70.4,5.2,0
1659,Central,2023-07-18,31.3,67.7,11.7,67.1,0.9,0
1660,Central,2023-07-19,31.6,83.1,18.7,74.4,5.4,0
1661,Central,2023-07-20,29.0,57.2,0,16.3,8.8,0
1662,Central,2023-07-21,28.4,59.7,19.9,73.2,0.1,0
1663,Central,2023-07-22,28.2,84.0,1.2,47.0,1.7,0
1664,Central,2023-07-23,26.9,75.2,1.9,42.8,10.5,0
1665,Central,2023-07-24,27.1,87.5,2.3,26.1,7.6,0
1666,Central,2023-07-25,29.5,75.0,0,9.0,3.9,0
1667,Central,2023-07-26,29.1,93.6,0,47.9,0.7,0
1668,Central,2023-07-27,27.7,65.0,12.9,15.2,4.0,0
1669,Central,2023-07-28,31.6,64.5,11.2,44.9,5.6,0
1670,Central,2023-07-29,30.3,72.8,3.4,19.6,0.6,0
1671,Central,2023-07-30,26.5,86.7,0,37.3,5.9,0
1672,Central,2023-07-31,28.1,62.6,0,74.2,4.3,0
1673,Central,2023-08-01,24.3,71.7,0,27.5,7.1,0
1674,Central,2023-08-02,25.5,79.1,0,72.2,0.6,0
1675,Central,2023-08-03,24.3,85.3,12.8,57.8,1.6,0
1676,Central,2023-08-04,27.1,63.2,0,26.3,2.2,0
1677,Central,2023-08-05,24.7,33.0,0,78.2,4.5,0
1678,Central,2023-08-06,23.8,59.0,7.8,3.8,0.3,0
1679,Central,2023-08-07,25.8,32.0,0,68.7,5.0,0
1680,Central,2023-08-08,24.4,64.4,0,48.1,4.6,0
1681,Central,2023-08-09,23.0,86.6,3.1,42.1,8.3,0
1682,Central,2023-08-10,22.2,85.3,11.5,36.6,5.7,0
1683,Central,2023-08-11,26.0,92.8,9.9,51.7,6.9,0
1684,Central,2023-08-12,22.5,57.2,3.5,0.2,10.3,0
1685,Central,2023-08-13,26.1,76.8,10.9,8.8,8.8,0
1686,Central,2023-08-14,24.4,38.6,0,44.6,5.8,0
1687,Central,2023-08-15,27.0,45.6,7.0,60.6,1.9,0
1688,Central,2023-08-16,27.5,42.7,6.9,72.1,2.9,0
1689,Central,2023-08-17,23.6,51.2,0,14.7,2.8,0
1690,Central,2023-08-18,28.0,74.2,0,70.0,9.9,0
1691,Central,2023-08-19,22.5,30.7,4.7,74.4,1.6,0
1692,Central,2023-08-20,23.0,87.0,0,17.2,6.6,0
1693,Central,2023-08-21,25.5,91.0,8.2,29.1,0.1,0
1694,Central,2023-08-22,25.3,47.3,9.7,36.1,9.1,0
1695,Central,2023-08-23,27.6,33.8,0,35.9,1.5,0
1696,Central,2023-08-24,26.5,45.7,0,25.5,9.3,0
1697,Central,2023-08-25,27.3,50.0,1.6,61.1,2.8,0
1698,Central,2023-08-26,26.5,75.5,9.5,65.2,8.7,0
1699,Central,2023-08-27,26.7,48.1,10.9,32.0,7.7,0
1700,Central,2023-08-28,27.0,88.4,5.6,43.7,1.3,0
1701,Central,2023-08-29,27.2,67.0,11.1,29.6,10.3,0
1702,Central,2023-08-30,24.4,39.9,4.9,15.8,1.4,0
1703,Central,2023-08-31,24.6,54.8,8.8,50.0,5.8,0
1704,Central,2023-09-01,18.7,34.8,0,29.8,3.4,0
1705,Central,2023-09-02,21.9,92.9,12.3,13.9,8.2,0
1706,Central,2023-09-03,22.7,42.1,0,42.0,2.0,0
1707,Central,2023-09-04,22.8,66.6,10.4,31.9,10.6,0
1708,Central,2023-09-05,22.7,67.0,10.7,32.7,2.1,0
1709,Central,2023-09-06,19.1,69.7,0,48.1,9.0,0
1710,Central,2023-09-07,20.5,77.9,0,63.3,8.1,0
1711,Central,2023-09-08,18.5,50.8,0,77.8,6.1,0
1712,Central,2023-09-09,19.8,62.2,2.0,48.9,4.1,0
1713,Central,2023-09-10,21.7,30.8,9.4,13.8,5.8,0
1714,Central,2023-09-11,22.2,46.3,9.2,48.6,2.7,0
1715,Central,2023-09-12,19.0,69.2,4.5,48.0,1.7,0
1716,Central,2023-09-13,17.8,30.6,0,0.4,0.7,0
1717,Central,2023-09-14,18.8,72.4,0.1,31.9,9.2,0
1718,Central,2023-09-15,21.3,91.4,0,76.5,3.4,0
1719,Central,2023-09-16,20.9,44.7,11.4,74.9,0.8,0
1720,Central,2023-09-17,18.8,31.1,6.4,41.3,6.3,0
1721,Central,2023-09-18,18.9,88.6,10.0,2.7,6.7,0
1722,Central,2023-09-19,19.6,51.3,0,53.7,3.3,0
1723,Central,2023-09-20,21.5,73.4,2.8,0.9,6.8,0
1724,Central,2023-09-21,21.3,39.8,0,41.5,2.6,0
1725,Central,2023-09-22,22.0,32.0,28.1,34.2,10.4,0
1726,Central,2023-09-23,17.6,91.3,0,44.7,6.8,0
1727,Central,2023-09-24,17.8,91.0,18.9,43.6,10.7,0
1728,Central,2023-09-25,21.9,72.2,0,68.6,4.4,0
1729,Central,2023-09-26,17.8,30.3,0,50.2,0.0,0
1730,Central,2023-09-27,20.7,56.6,6.2,74.9,4.7,0
1731,Central,2023-09-28,19.0,61.2,5.6,58.6,10.6,0
1732,Central,2023-09-29,18.7,85.0,0,24.8,8.7,0
1733,Central,2023-09-30,18.8,46.7,3.3,77.1,7.2,0
1734,Central,2023-10-01,14.9,70.2,0,68.0,1.1,0
1735,Central,2023-10-02,12.3,61.9,6.6,39.7,10.7,0
1736,Central,2023-10-03,12.4,57.2,9.6,60.6,8.4,0
1737,Central,2023-10-04,13.1,32.9,0,59.5,6.4,0
1738,Central,2023-10-05,16.3,68.4,0,41.3,2.1,0
1739,Central,2023-10-06,14.8,42.3,3.3,68.1,3.4,0
1740,Central,2023-10-07,17.1,48.6,0,48.7,8.6,0
1741,Central,2023-10-08,15.0,31.7,5.0,69.3,8.5,0
1742,Central,2023-10-09,13.9,34.3,0,77.5,0.1,0
1743,Central,2023-10-10,17.0,56.9,16.9,5.7,5.2,0
1744,Central,2023-10-11,12.2,89.7,11.2,44.6,8.6,0
1745,Central,2023-10-12,14.1,61.4,5.8,69.1,6.5,0
1746,Central,2023-10-13,12.5,52.9,16.7,15.4,2.8,0
1747,Central,2023-10-14,15.6,34.8,7.6,27.5,6.0,0
1748,Central,2023-10-15,12.5,77.9,0,7.6,9.8,0
1749,Central,2023-10-16,14.7,47.6,7.5,29.3,6.6,0
1750,Central,2023-10-17,12.7,55.9,0,51.7,9.0,0
1751,Central,2023-10-18,12.0,48.5,0,64.1,7.9,0
1752,Central,2023-10-19,13.9,50.3,0,43.2,10.8,0
1753,Central,2023-10-20,18.0,46.2,16.2,12.0,0.9,0
1754,Central,2023-10-21,15.2,74.3,0,47.1,4.3,0
1755,Central,2023-10-22,13.0,91.1,4.3,29.7,9.0,0
1756,Central,2023-10-23,15.3,74.5,0,22.3,10.7,0
1757,Central,2023-10-24,16.5,72.9,3.8,31.3,1.7,0
1758,Central,2023-10-25,16.2,35.9,4.7,72.1,3.1,0
1759,Central,2023-10-26,14.6,69.0,13.6,27.4,4.6,0
1760,Central,2023-10-27,13.2,90.6,0,48.4,5.2,0
1761,Central,2023-10-28,13.6,31.3,19.4,61.0,9.2,0
1762,Central,2023-10-29,14.9,62.9,0,77.2,6.1,0
1763,Central,2023-10-30,18.0,32.8,15.9,57.3,6.6,0
1764,Central,2023-10-31,15.7,65.2,24.4,57.8,7.6,0
1765,Central,2023-11-01,13.7,48.3,5.6,54.5,10.0,0
1766,Central,2023-11-02,13.2,54.6,8.5,7.7,5.9,0
1767,Central,2023-11-03,11.7,66.5,0,19.3,7.2,0
1768,Central,2023-11-04,9.0,72.7,17.0,2.6,10.9,0
1769,Central,2023-11-05,13.1,73.7,5.8,18.1,10.0,0
1770,Central,2023-11-06,12.4,60.9,6.3,76.2,4.0,0
1771,Central,2023-11-07,10.0,61.2,0.5,69.1,7.5,0
1772,Central,2023-11-08,12.4,38.9,0,51.2,2.2,0
1773,Central,2023-11-09,11.0,34.1,2.6,49.4,3.7,0
1774,Central,2023-11-10,9.8,47.7,7.0,70.1,5.3,0
1775,Central,2023-11-11,10.7,56.5,8.5,26.1,8.3,0
1776,Central,2023-11-12,10.6,30.2,1.4,18.6,0.1,0
1777,Central,2023-11-13,12.8,34.8,3.6,29.9,8.9,0
1778,Central,2023-11-14,13.8,30.4,4.7,72.5,5.7,0
1779,Central,2023-11-15,8.6,90.3,10.6,31.7,2.6,0
1780,Central,2023-11-16,13.3,54.1,6.9,10.3,5.8,0
1781,Central,2023-11-17,12.2,72.1,0,49.9,6.5,0
1782,Central,2023-11-18,8.4,44.1,11.6,3.5,1.3,0
1783,Central,2023-11-19,9.3,82.4,5.2,29.2,0.3,0
1784,Central,2023-11-20,9.9,40.3,6.9,16.0,10.4,0
1785,Central,2023-11-21,12.9,66.9,2.5,68.6,6.3,0
1786,Central,2023-11-22,13.3,93.0,0,3.3,6.9,0
1787,Central,2023-11-23,11.5,32.8,10.8,73.4,10.4,0
1788,Central,2023-11-24,13.9,73.0,0,20.6,3.0,0
1789,Central,2023-11-25,12.1,91.9,11.3,44.5,6.7,0
1790,Central,2023-11-26,12.5,90.2,6.8,18.0,1.0,0
1791,Central,2023-11-27,11.7,71.0,12.3,31.1,6.9,0
1792,Central,2023-11-28,11.5,48.4,11.9,67.1,3.1,0
1793,Central,2023-11-29,10.3,93.7,7.7,63.5,4.1,0
1794,Central,2023-11-30,9.1,70.1,9.0,4.2,7.7,0
1795,Central,2023-12-01,9.3,45.3,6.4,33.6,1.5,0
1796,Central,2023-12-02,10.3,32.0,1.6,0.8,4.9,0
1797,Central,2023-12-03,10.8,79.3,11.7,10.5,3.9,0
1798,Central,2023-12-04,13.0,53.8,0.3,29.2,0.8,0
1799,Central,2023-12-05,12.7,74.3,10.3,58.1,10.5,0
1800,Central,2023-12-06,9.5,82.6,7.4,25.3,0.6,0
1801,Central,2023-12-07,10.2,67.2,1.5,24.2,2.3,0
1802,Central,2023-12-08,10.5,50.0,8.6,45.4,0.6,0
1803,Central,2023-12-09,9.3,47.2,4.8,54.4,3.5,0
1804,Central,2023-12-10,12.6,89.7,0,46.7,3.5,0
1805,Central,2023-12-11,9.8,67.2,3.8,74.6,7.0,0
1806,Central,2023-12-12,10.2,58.3,0,59.5,3.3,0
1807,Central,2023-12-13,11.3,67.7,0,9.8,2.6,0
1808,Central,2023-12-14,12.3,76.4,8.4,39.6,6.9,0
1809,Central,2023-12-15,10.4,55.7,12.4,37.5,8.5,0
1810,Central,2023-12-16,12.8,94.6,2.8,55.5,9.3,0
1811,Central,2023-12-17,11.8,35.8,3.5,64.5,1.1,0
1812,Central,2023-12-18,8.1,31.7,20.7,28.8,5.4,0
1813,Central,2023-12-19,8.3,85.3,12.8,55.9,2.3,0
1814,Central,2023-12-20,11.1,43.7,14.8,79.9,4.5,0
1815,Central,2023-12-21,8.6,42.1,1.0,19.2,1.8,0
1816,Central,2023-12-22,9.4,82.3,3.4,77.1,4.1,0
1817,Central,2023-12-23,12.2,72.4,4.6,73.5,6.8,0
1818,Central,2023-12-24,11.3,44.5,13.6,42.8,3.7,0
1819,Central,2023-12-25,7.8,38.9,4.3,7.5,7.6,0
1820,Central,2023-12-26,7.0,57.5,3.5,15.1,8.4,0
1821,Central,2023-12-27,8.1,48.1,18.2,39.6,0.8,0
1822,Central,2023-12-28,10.5,39.7,20.6,48.6,8.8,0
1823,Central,2023-12-29,9.9,83.3,9.6,21.5,3.8,0
1824,Central,2023-12-30,12.4,33.7,0,74.1,3.6,0
1825,Central,2023-12-31,10.4,69.6,14.2,17.7,0.3,0
